-- phpMyAdmin SQL Dump
-- version 4.9.0.1
-- https://www.phpmyadmin.net/
--
-- Host: 127.0.0.1
-- Generation Time: Sep 12, 2019 at 08:57 AM
-- Server version: 10.3.15-MariaDB
-- PHP Version: 7.1.30

SET SQL_MODE = "NO_AUTO_VALUE_ON_ZERO";
SET AUTOCOMMIT = 0;
START TRANSACTION;
SET time_zone = "+00:00";


/*!40101 SET @OLD_CHARACTER_SET_CLIENT=@@CHARACTER_SET_CLIENT */;
/*!40101 SET @OLD_CHARACTER_SET_RESULTS=@@CHARACTER_SET_RESULTS */;
/*!40101 SET @OLD_COLLATION_CONNECTION=@@COLLATION_CONNECTION */;
/*!40101 SET NAMES utf8mb4 */;

--
-- Database: `ci_mini`
--

-- --------------------------------------------------------

--
-- Table structure for table `about_us`
--

CREATE TABLE `about_us` (
  `id` int(11) NOT NULL,
  `title` varchar(255) NOT NULL,
  `image` varchar(255) NOT NULL,
  `content` longtext NOT NULL
) ENGINE=InnoDB DEFAULT CHARSET=latin1;

--
-- Dumping data for table `about_us`
--

INSERT INTO `about_us` (`id`, `title`, `image`, `content`) VALUES
(1, 'Neque p22222orro quisquam est qui dolorem ipsum quia dolor sit amet, consectetur, adipisci velit..', 'contact_1567426002.png', '<p style=\"margin-right: 0px; margin-bottom: 15px; margin-left: 0px; padding: 0px; text-align: justify; font-family: \" open=\"\" sans\",=\"\" arial,=\"\" sans-serif;=\"\" font-size:=\"\" 14px;\"=\"\"><b>22222</b>\r\nLorem ipsum dol<span style=\"background-color: rgb(255, 255, 0);\">or sit amet, consectetur adipiscing</span> elit. Nulla at ex sagittis, aliquet sapien nec, sodales tellus. Phasellus semper a erat id pulvina<u>r. Integer tristique, dolor vitae tincidunt ultricies, tortor leo tempor lorem, quis scelerisque erat ligula et tortor. Vestibulum in orci quam. Donec in ligula eget urna gravida tincidunt. Maecenas iaculis dui non ex i</u>aculis ultricies. Mauris pharetra, lacus nec pulvinar facilisis, elit dolor vulputate enim, ac viverra velit est eget eros. Pellentesque habitant morbi tristique senectus et netus et malesuada fames ac turpis egestas. Nullam et felis ultricies, sodales diam vel, gravida ligula. Vivamus elementum nunc et ex mattis, vel eleifend orci feugiat. Nam diam ante, aliquet non laoreet sit amet, finibus vitae nunc. Sed convallis augue ut vestibulum vulputate.</p><p style=\"margin-right: 0px; margin-bottom: 15px; margin-left: 0px; padding: 0px; text-align: justify; font-family: \" open=\"\" sans\",=\"\" arial,=\"\" sans-serif;=\"\" font-size:=\"\" 14px;\"=\"\">Phasellus pellentesque vel urna sit amet mattis. Proin consequat sollicitudin erat sed tincidunt. Vestibulum sit amet elit sed ante ornare dignissim vitae pellentesque augue. Donec quis quam at tellus vestibulum maximus in vel neque. Fusce congue vehicula mattis. Nullam posuere felis eros, nec tincidunt nisi suscipit nec. Quisque lacinia tincidunt varius.</p><p style=\"margin-right: 0px; margin-bottom: 15px; margin-left: 0px; padding: 0px; text-align: justify; font-family: \" open=\"\" sans\",=\"\" arial,=\"\" sans-serif;=\"\" font-size:=\"\" 14px;\"=\"\">Aliquam ac pretium est. Donec nunc quam, mattis id diam non, mattis convallis purus. Ut nibh lacus, accumsan id leo ac, fermentum commodo purus. Aliquam maximus nisl libero, sit amet ultrices purus tincidunt id. Suspendisse ipsum nisl, sagittis nec condimentum quis, iaculis convallis urna. Pellentesque dapibus ac elit at suscipit. Maecenas massa nisi, dictum nec risus et, eleifend iaculis risus. Pellentesque vitae molestie arcu, id fermentum massa. Vestibulum ante ipsum primis in faucibus orci luctus et ultrices posuere cubilia Curae; Proin fringilla leo ante, id ultricies justo vestibulum et. Nulla tincidunt sollicitudin ante id ultrices.</p><p style=\"margin-right: 0px; margin-bottom: 15px; margin-left: 0px; padding: 0px; text-align: justify; font-family: \" open=\"\" sans\",=\"\" arial,=\"\" sans-serif;=\"\" font-size:=\"\" 14px;\"=\"\">Vestibulum nibh justo, egestas eu pellentesque sed, cursus nec dolor. Morbi maximus in mi nec semper. Cras non dui vel purus feugiat sollicitudin quis id risus. Duis fermentum vestibulum enim at tempor. In aliquam vel dolor volutpat volutpat. Mauris euismod purus ac nisi posuere accumsan. Cras imperdiet massa ac sem hendrerit viverra. Nulla vel sagittis turpis. Suspendisse quam ex, ornare vitae diam vel, mattis imperdiet libero. Mauris volutpat, risus vel gravida condimentum, sapien velit tincidunt neque, id bibendum massa diam at massa. Nullam porttitor dignissim magna, at gravida velit tincidunt et. Integer rhoncus purus ut blandit scelerisque. Vestibulum non mauris justo. Mauris blandit, magna sed maximus placerat, leo eros pharetra purus, vel vehicula enim erat sit amet mi. Interdum et malesuada fames ac ante ipsum primis in faucibus. Mauris sit amet lectus vitae odio ultrices vestibulum.</p><p style=\"margin-right: 0px; margin-bottom: 15px; margin-left: 0px; padding: 0px; text-align: justify; font-family: \" open=\"\" sans\",=\"\" arial,=\"\" sans-serif;=\"\" font-size:=\"\" 14px;\"=\"\">Nulla aliquam mi nec arcu dictum aliquam. Nullam a eros facilisis, pharetra enim ac, viverra arcu. Nunc aliquet ullamcorper semper. Integer placerat ac diam laoreet laoreet. Integer et dui rutrum, convallis arcu nec, aliquam est. Integer pharetra sem ac nulla scelerisque vestibulum. Suspendisse nec dui eros. Praesent a urna eget felis dapibus bibendum vitae vel ante. Suspendisse porta metus a arcu laoreet molestie. Aliquam libero justo, aliquam sit amet turpis convallis, viverra venenatis mi. Nullam mattis imperdiet massa vitae ornare. Lorem ipsum dolor sit amet, consectetur adipiscing elit. In rutrum convallis convallis. Sed quam quam, facilisis aliquet consectetur vel, vestibulum eleifend ligula. Interdum et malesuada fames ac ante ipsum primis in faucibus.</p>');

-- --------------------------------------------------------

--
-- Table structure for table `ci_sessions`
--

CREATE TABLE `ci_sessions` (
  `id` varchar(128) NOT NULL,
  `ip_address` varchar(45) NOT NULL,
  `timestamp` int(10) UNSIGNED NOT NULL DEFAULT 0,
  `data` blob NOT NULL
) ENGINE=InnoDB DEFAULT CHARSET=latin1;

--
-- Dumping data for table `ci_sessions`
--

INSERT INTO `ci_sessions` (`id`, `ip_address`, `timestamp`, `data`) VALUES
('00vfd28li2bi9ppi1rl8dqf49er375vm', '::1', 1568183472, 0x5f5f63695f6c6173745f726567656e65726174657c693a313536383138333437323b),
('01hnn17gqool24qur6rp4gphetlld7q9', '::1', 1568199494, 0x5f5f63695f6c6173745f726567656e65726174657c693a313536383139393439343b),
('0468usbf65bnfs942js0s6p4orno6c0h', '::1', 1568178308, 0x5f5f63695f6c6173745f726567656e65726174657c693a313536383137383330383b),
('046dde9irb9jfasm2kjbjfgneef9if2t', '::1', 1568177903, 0x5f5f63695f6c6173745f726567656e65726174657c693a313536383137373930333b),
('048v759dos4508j5v1lpise95j1urstl', '::1', 1568267621, 0x5f5f63695f6c6173745f726567656e65726174657c693a313536383236373632313b),
('04b70smq4q1bb8ba5h6paanl344rlpp8', '::1', 1568197711, 0x5f5f63695f6c6173745f726567656e65726174657c693a313536383139373731313b),
('04erngqabhdtp5bn610j04kh6ej889ls', '::1', 1568268219, 0x5f5f63695f6c6173745f726567656e65726174657c693a313536383236383231393b),
('0514ho5h0n5e31ghp7kl6eg5sl6tvn09', '::1', 1568267677, 0x5f5f63695f6c6173745f726567656e65726174657c693a313536383236373637373b),
('09b2t5f7kefi4q7ajknlm57jjjdglv4f', '::1', 1568202939, 0x5f5f63695f6c6173745f726567656e65726174657c693a313536383230323933393b),
('0c5rqjtvdl7t8189nosarcu8a3daeli9', '::1', 1568268219, 0x5f5f63695f6c6173745f726567656e65726174657c693a313536383236383231393b),
('0d8pttpoc64fk8ed56djlbd7ibt6oe9s', '::1', 1568262951, 0x5f5f63695f6c6173745f726567656e65726174657c693a313536383236323935313b),
('0e8lb1se4vp8hn7sib9biv647ectacq1', '::1', 1568267867, 0x5f5f63695f6c6173745f726567656e65726174657c693a313536383236373836373b),
('0edg9dp1u71jgf7vk54u1mi7ubnvvnje', '::1', 1568194222, 0x5f5f63695f6c6173745f726567656e65726174657c693a313536383139343232323b),
('0f8vu8v1kufkmh819b3kci6oohg8815k', '::1', 1568262598, 0x5f5f63695f6c6173745f726567656e65726174657c693a313536383236323539383b),
('0ghbhk2v2dorel0p7ra6ijcvsagjot0o', '::1', 1568205610, 0x5f5f63695f6c6173745f726567656e65726174657c693a313536383230353631303b),
('0gt7koca3302rugkk51rkinlcugl0tju', '::1', 1568178100, 0x5f5f63695f6c6173745f726567656e65726174657c693a313536383137383130303b),
('0l4mp47si37qsjd1eo3thsf8ooom45ik', '::1', 1568267872, 0x5f5f63695f6c6173745f726567656e65726174657c693a313536383236373837323b),
('0nf6a94ab9cf48kpl77943ufig3vjr77', '::1', 1568264828, 0x5f5f63695f6c6173745f726567656e65726174657c693a313536383236343832383b),
('0nv8jpkrlhl0827e2gs7l0mohkpijbr2', '::1', 1568268543, 0x5f5f63695f6c6173745f726567656e65726174657c693a313536383236383534333b),
('0pgubhihbkeqnr3femfjn72n3o2jk5el', '::1', 1568178139, 0x5f5f63695f6c6173745f726567656e65726174657c693a313536383137383133393b),
('0q6jeeam45sc7r6vqbiqbsmmugh60c1f', '::1', 1568199029, 0x5f5f63695f6c6173745f726567656e65726174657c693a313536383139393032393b),
('0r45gm6ar30trgsqt8tifbj38tissf8t', '::1', 1568197219, 0x5f5f63695f6c6173745f726567656e65726174657c693a313536383139373231393b),
('0r6hi9gj90qn4sh07ec0bboh9sqcd00f', '::1', 1568183205, 0x5f5f63695f6c6173745f726567656e65726174657c693a313536383138333230353b),
('0rpgfv1m1mssc59eeekjv19gb31m52sg', '::1', 1568204968, 0x5f5f63695f6c6173745f726567656e65726174657c693a313536383230343936383b),
('0s0dhbeq0fk71uhpu0ol2h0quq966ri1', '::1', 1568261902, 0x5f5f63695f6c6173745f726567656e65726174657c693a313536383236313930323b),
('0tda5sgv722u42aqr2b24n8dpdnnrup1', '::1', 1568198913, 0x5f5f63695f6c6173745f726567656e65726174657c693a313536383139383931333b),
('0tjh5hmhpo1q5objru46ek39lcqnfqhj', '::1', 1568177356, 0x5f5f63695f6c6173745f726567656e65726174657c693a313536383137373335363b),
('0tphjehtdj9vs4dmq8edt28r14b8uub8', '::1', 1568261905, 0x5f5f63695f6c6173745f726567656e65726174657c693a313536383236313930353b),
('0u18lu62mce0vqcqq0naar51qeobr9sg', '::1', 1568198849, 0x5f5f63695f6c6173745f726567656e65726174657c693a313536383139383834393b),
('0uk4n7g0lnknnseesmpmfaham73gdt6o', '::1', 1568263526, 0x5f5f63695f6c6173745f726567656e65726174657c693a313536383236333532363b),
('0uuuoeh6ucolcp03v5h1s7gd5qmpk1gk', '::1', 1568262576, 0x5f5f63695f6c6173745f726567656e65726174657c693a313536383236323537363b),
('0v08divltj3ou5q2atanv80scg2d0dcu', '::1', 1568263535, 0x5f5f63695f6c6173745f726567656e65726174657c693a313536383236333533353b),
('0v86nte4j51rcrh2s9a93clpthgrkkau', '::1', 1568202550, 0x5f5f63695f6c6173745f726567656e65726174657c693a313536383230323535303b),
('10c17l03dvi241f2st92mjlu119iqa7r', '::1', 1568205589, 0x5f5f63695f6c6173745f726567656e65726174657c693a313536383230353538393b),
('1214v1bavahprqhluvkjdofaa2lt4rlk', '::1', 1568204968, 0x5f5f63695f6c6173745f726567656e65726174657c693a313536383230343936383b),
('128fmvb328sa02c3qvm74v9kf8f0ue71', '::1', 1568197417, 0x5f5f63695f6c6173745f726567656e65726174657c693a313536383139373431373b),
('12b6csv00q8djtve4qrb69e8thdtc1ds', '::1', 1568194122, 0x5f5f63695f6c6173745f726567656e65726174657c693a313536383139343132323b),
('12pksijqk2rcbpjl0n55hfurojknav0t', '::1', 1568194015, 0x5f5f63695f6c6173745f726567656e65726174657c693a313536383139343031353b),
('13qrdhs4nap191fitgaui3v39orpd894', '::1', 1568267913, 0x5f5f63695f6c6173745f726567656e65726174657c693a313536383236373931333b),
('177vim42odbg1863dpvrmfuodd9n85lf', '::1', 1568197393, 0x5f5f63695f6c6173745f726567656e65726174657c693a313536383139373339333b),
('1ac7b5qsfp6s2qbbjj5hhquev1pndvrc', '::1', 1568199132, 0x5f5f63695f6c6173745f726567656e65726174657c693a313536383139393133323b),
('1bm1qt0f0i8atm3v60vcbc7733ark3j5', '::1', 1568263093, 0x5f5f63695f6c6173745f726567656e65726174657c693a313536383236333039333b),
('1bttoi355ereb39dnsh879rk254cjmav', '::1', 1568198585, 0x5f5f63695f6c6173745f726567656e65726174657c693a313536383139383538353b),
('1evkc8gvdiq1atn10lujldub8vnnds3t', '::1', 1568182231, 0x5f5f63695f6c6173745f726567656e65726174657c693a313536383138323233313b),
('1gl9kntuo87dqtg35550oq6in6dau519', '::1', 1568198132, 0x5f5f63695f6c6173745f726567656e65726174657c693a313536383139383133323b),
('1hv4rtbsu271ag7u71godl68l30s2a54', '::1', 1568203263, 0x5f5f63695f6c6173745f726567656e65726174657c693a313536383230333236333b),
('1jhshrug72d0e1eocv4ofdiosrnfh8nt', '::1', 1568197300, 0x5f5f63695f6c6173745f726567656e65726174657c693a313536383139373330303b),
('1keko74gdmhr96tmv9a0uv9hqg28aavh', '::1', 1568201835, 0x5f5f63695f6c6173745f726567656e65726174657c693a313536383230313833353b),
('1l0ibtohgtcn75rolrfjrd7n46e2hsvg', '::1', 1568263115, 0x5f5f63695f6c6173745f726567656e65726174657c693a313536383236333131353b),
('1l6tb8oo5u992s0jiss7v3vjo538eo5a', '::1', 1568201678, 0x5f5f63695f6c6173745f726567656e65726174657c693a313536383230313637383b),
('1lamk1jtjpio7l9lk080iga30bq4fl4t', '::1', 1568261738, 0x5f5f63695f6c6173745f726567656e65726174657c693a313536383236313733383b),
('1m192hcuklsohsvesiudutldh7ucuv71', '::1', 1568262904, 0x5f5f63695f6c6173745f726567656e65726174657c693a313536383236323930343b),
('1mjr1ekt6d3djpkefdbsm8mf839tg9dg', '::1', 1568198143, 0x5f5f63695f6c6173745f726567656e65726174657c693a313536383139383134333b),
('1mo5o6iva2vprrnikj9387dqajaqt4t9', '::1', 1568262318, 0x5f5f63695f6c6173745f726567656e65726174657c693a313536383236323331383b),
('1n7bfsf9dk33gacp25m0s7okjhbor2f3', '::1', 1568198164, 0x5f5f63695f6c6173745f726567656e65726174657c693a313536383139383136343b),
('1nhlp50nkd4hmhcnjpu8tq25h0tco6iq', '::1', 1568198038, 0x5f5f63695f6c6173745f726567656e65726174657c693a313536383139383033383b),
('1rhbhv647di5hvue93slscs0gptfk4lm', '::1', 1568193886, 0x5f5f63695f6c6173745f726567656e65726174657c693a313536383139333838363b),
('1sesil8feuhcjf242530snh5b79m7dcq', '::1', 1568270926, 0x5f5f63695f6c6173745f726567656e65726174657c693a313536383237303932363b),
('1slm0acjoogoirata7gfibmhe44j8671', '::1', 1568178144, 0x5f5f63695f6c6173745f726567656e65726174657c693a313536383137383134343b),
('20232i376aal5qi22qgb2n5rvgnm6ev5', '::1', 1568263143, 0x5f5f63695f6c6173745f726567656e65726174657c693a313536383236333134333b),
('20m1rm92mdnhr5fpss6uuukl9uubdvqf', '::1', 1568203452, 0x5f5f63695f6c6173745f726567656e65726174657c693a313536383230333435323b),
('22m19nq35qis8949q65ift00cvbi0dfk', '::1', 1568262904, 0x5f5f63695f6c6173745f726567656e65726174657c693a313536383236323930343b),
('23802s4ig6k0mjc0hdgkc3s0dnpeg89r', '::1', 1568267879, 0x5f5f63695f6c6173745f726567656e65726174657c693a313536383236373837393b),
('23c586ej59hacujphh5bjlf4hksdrjtj', '::1', 1568262989, 0x5f5f63695f6c6173745f726567656e65726174657c693a313536383236323938393b),
('242vhg2kv51j9us2kj3qcu3kdloo3m1b', '::1', 1568263149, 0x5f5f63695f6c6173745f726567656e65726174657c693a313536383236333134393b),
('24f9rv6d06a6sk0eh0jtrgnuq94uambm', '::1', 1568198231, 0x5f5f63695f6c6173745f726567656e65726174657c693a313536383139383233313b),
('26arm2j6mlvpjm9v6l1978a4j6p1r6n4', '::1', 1568197068, 0x5f5f63695f6c6173745f726567656e65726174657c693a313536383139373036383b),
('26lr0h2b6mipu8rgqkht7il8blh8f1ka', '::1', 1568268230, 0x5f5f63695f6c6173745f726567656e65726174657c693a313536383236383233303b),
('28ppk7bic58pj9e516qs4kuu8g87ekp8', '::1', 1568197980, 0x5f5f63695f6c6173745f726567656e65726174657c693a313536383139373938303b),
('2962pbvj1hn1i5h4bl4rii1plnnarh8k', '::1', 1568183253, 0x5f5f63695f6c6173745f726567656e65726174657c693a313536383138333235333b),
('29anbm1b13di45t9v9cg0hi4faacd046', '::1', 1568198020, 0x5f5f63695f6c6173745f726567656e65726174657c693a313536383139383032303b),
('29kmd9k6ip1dm28tuj6n1840o9t78gj5', '::1', 1568183130, 0x5f5f63695f6c6173745f726567656e65726174657c693a313536383138333133303b),
('29mc4e0vk82poth0736d33lhvs328r0g', '::1', 1568203791, 0x5f5f63695f6c6173745f726567656e65726174657c693a313536383230333739313b),
('2ck8udecrcmfpmu0flgrbu53u385i4dc', '::1', 1568203209, 0x5f5f63695f6c6173745f726567656e65726174657c693a313536383230333230393b),
('2cnjolet195bmmfl5dt7u7gk1umnl3ah', '::1', 1568202559, 0x5f5f63695f6c6173745f726567656e65726174657c693a313536383230323535393b),
('2du35jg66s7k5cg3tnoqv7dv3uqin19k', '::1', 1568202760, 0x5f5f63695f6c6173745f726567656e65726174657c693a313536383230323736303b),
('2f529524huebg1qsqoubv5ikb10g91kl', '::1', 1568267374, 0x5f5f63695f6c6173745f726567656e65726174657c693a313536383236373337343b),
('2fa5lis0308li1f39uakd80c8d2emrg2', '::1', 1568203536, 0x5f5f63695f6c6173745f726567656e65726174657c693a313536383230333533363b),
('2fv71uo3pf38mh7h9u1vsi1vnp27q1mi', '::1', 1568268238, 0x5f5f63695f6c6173745f726567656e65726174657c693a313536383236383233383b),
('2g9mnb24fiqd4ii97qoaeus50tubfh2r', '::1', 1568198866, 0x5f5f63695f6c6173745f726567656e65726174657c693a313536383139383836363b),
('2imapk4of6m84m71jghdilr53dg681qb', '::1', 1568177314, 0x5f5f63695f6c6173745f726567656e65726174657c693a313536383137373331343b),
('2lakakbspuptp5595jj1l99e9pjpcfka', '::1', 1568199158, 0x5f5f63695f6c6173745f726567656e65726174657c693a313536383139393135383b),
('2n7m7e939mu8c0kj756628do6ram9ndj', '::1', 1568177319, 0x5f5f63695f6c6173745f726567656e65726174657c693a313536383137373331393b),
('2nc5iurkjfs8u7638kldkkg0dpk7mcgt', '::1', 1568261960, 0x5f5f63695f6c6173745f726567656e65726174657c693a313536383236313935393b),
('2o4k266jienskq4c3ra9bdmicka14tbh', '::1', 1568183522, 0x5f5f63695f6c6173745f726567656e65726174657c693a313536383138333532323b),
('2oamqohlera10mbi2t9armu28jstvnat', '::1', 1568177999, 0x5f5f63695f6c6173745f726567656e65726174657c693a313536383137373939393b),
('2p6ddgtcfbqca04aej5ho11n4bndm3ko', '::1', 1568203209, 0x5f5f63695f6c6173745f726567656e65726174657c693a313536383230333230393b),
('2smn7382u8a4sl8pjp90atq786g624j8', '::1', 1568267707, 0x5f5f63695f6c6173745f726567656e65726174657c693a313536383236373730373b),
('2tln2as6su4gkthnsaejq573me5cqp08', '::1', 1568183395, 0x5f5f63695f6c6173745f726567656e65726174657c693a313536383138333339353b),
('2u3s8uusa14i8crenjg9fit96um955kg', '::1', 1568178301, 0x5f5f63695f6c6173745f726567656e65726174657c693a313536383137383330313b),
('31dmq61iupk3lqdgev8hn4p8np1pvaq7', '::1', 1568205151, 0x5f5f63695f6c6173745f726567656e65726174657c693a313536383230353135313b),
('3260qecmj48le8c52ug89o5m46u1d7os', '::1', 1568178007, 0x5f5f63695f6c6173745f726567656e65726174657c693a313536383137383030373b),
('34r9hc7oa9jh94iphk7jl8lrjmia89v7', '::1', 1568202551, 0x5f5f63695f6c6173745f726567656e65726174657c693a313536383230323535313b),
('34uum2erdriip7187p4sjurg8vvmkhfk', '::1', 1568201326, 0x5f5f63695f6c6173745f726567656e65726174657c693a313536383230313332353b),
('35o06vcab0848cu6psm5pqmr9kipmvg9', '::1', 1568203073, 0x5f5f63695f6c6173745f726567656e65726174657c693a313536383230333037333b),
('36kbln6pk7cu1sl6omulg2dvs32ghpvk', '::1', 1568183487, 0x5f5f63695f6c6173745f726567656e65726174657c693a313536383138333438373b),
('3afa6cvrra5ltbunaj4ppul3mu55ue33', '::1', 1568197215, 0x5f5f63695f6c6173745f726567656e65726174657c693a313536383139373231353b),
('3ag6h56jnhuaba4ejkk63ev4jpt6ne7l', '::1', 1568204592, 0x5f5f63695f6c6173745f726567656e65726174657c693a313536383230343539323b),
('3aqf2q1rm1bokfbrf7bbvuahp8k3tb3f', '::1', 1568262838, 0x5f5f63695f6c6173745f726567656e65726174657c693a313536383236323833383b),
('3d0u1n7ai33n04prkogihr43nrsbn7nn', '::1', 1568270738, 0x5f5f63695f6c6173745f726567656e65726174657c693a313536383237303733383b),
('3d9a5gbbvfdraao0fc6vrnkg7aeqlncj', '::1', 1568268651, 0x5f5f63695f6c6173745f726567656e65726174657c693a313536383236383635313b),
('3ehit5tb2j6opdtmq6i3fuulqce9tnpd', '::1', 1568267421, 0x5f5f63695f6c6173745f726567656e65726174657c693a313536383236373432313b),
('3ett6afhcp37a9ltdgsbe67ov8jfdbc4', '::1', 1568204592, 0x5f5f63695f6c6173745f726567656e65726174657c693a313536383230343539323b),
('3h8fg88eh02i7vcloecq0a3pnmngahd3', '::1', 1568262964, 0x5f5f63695f6c6173745f726567656e65726174657c693a313536383236323936343b),
('3jtbq53ngg2dcq7v53nst4i4tsnr17at', '::1', 1568205011, 0x5f5f63695f6c6173745f726567656e65726174657c693a313536383230353031313b),
('3liq522cvqpm22ih1tcobp9ccmoihu0k', '::1', 1568267747, 0x5f5f63695f6c6173745f726567656e65726174657c693a313536383236373734373b),
('3mhn9pt3pvfsh4qop7rfg62m59b754fa', '::1', 1568202605, 0x5f5f63695f6c6173745f726567656e65726174657c693a313536383230323630353b),
('3nh30tcddch70drvod99rv6bq5hh189b', '::1', 1568194250, 0x5f5f63695f6c6173745f726567656e65726174657c693a313536383139343235303b),
('3oc6gsmgkec0d68p1m0pvcdce82kjpvo', '::1', 1568204998, 0x5f5f63695f6c6173745f726567656e65726174657c693a313536383230343939383b),
('3p9s7cqq2ipt0okp5gk25iscqm4t3boh', '::1', 1568183340, 0x5f5f63695f6c6173745f726567656e65726174657c693a313536383138333334303b),
('3pn98re5n2tm6o46nvq6q5vhvm42srj9', '::1', 1568268561, 0x5f5f63695f6c6173745f726567656e65726174657c693a313536383236383536313b),
('3pr8vttjs7b1ub6ji7qqkeq1p9citqnk', '::1', 1568177159, 0x5f5f63695f6c6173745f726567656e65726174657c693a313536383137373135373b),
('3rm8b6fipnbn65rf7rh7pm4voi2r5eef', '::1', 1568177981, 0x5f5f63695f6c6173745f726567656e65726174657c693a313536383137373938313b),
('3rr6s714587so7borp19s0rrj6nkelc3', '::1', 1568266738, 0x5f5f63695f6c6173745f726567656e65726174657c693a313536383236363733373b),
('3rv5unldflo86bjg3nl8m3ivcnhbjocb', '::1', 1568183488, 0x5f5f63695f6c6173745f726567656e65726174657c693a313536383138333438383b),
('3s16l7hft4ls53ji80b672mb2tpljlpm', '::1', 1568177402, 0x5f5f63695f6c6173745f726567656e65726174657c693a313536383137373430323b),
('3uema7s9a1bi9ojaaj7dnf6o2g77dkvk', '::1', 1568268807, 0x5f5f63695f6c6173745f726567656e65726174657c693a313536383236383830373b),
('40td7uafkibvhv8ioheu43rboheoa5q5', '::1', 1568268790, 0x5f5f63695f6c6173745f726567656e65726174657c693a313536383236383739303b),
('41tgo4rukpb880d0dkursa7k2psc7336', '::1', 1568262453, 0x5f5f63695f6c6173745f726567656e65726174657c693a313536383236323435333b),
('43h7ciohuiiulp7a3kk6rd6ovc2k7mam', '::1', 1568262725, 0x5f5f63695f6c6173745f726567656e65726174657c693a313536383236323732353b),
('43screpj5cl1gdena0knlbo8psrp9i3d', '::1', 1568177631, 0x5f5f63695f6c6173745f726567656e65726174657c693a313536383137373633313b),
('449htufk4vn9utocpfk7jlv3l1g2qh0b', '::1', 1568204852, 0x5f5f63695f6c6173745f726567656e65726174657c693a313536383230343835323b),
('45fp0q28b0rgq83ld8uptg6j3dkf979e', '::1', 1568262610, 0x5f5f63695f6c6173745f726567656e65726174657c693a313536383236323631303b),
('45u6mchq1fotc9j42r2d9s6q42mphrj8', '::1', 1568262664, 0x5f5f63695f6c6173745f726567656e65726174657c693a313536383236323636343b),
('481dtk6k366p9djmiomo8cr4cem319dv', '::1', 1568263535, 0x5f5f63695f6c6173745f726567656e65726174657c693a313536383236333533353b),
('49qm6kdfa7jr1norfg7iakajve8b0bag', '::1', 1568183355, 0x5f5f63695f6c6173745f726567656e65726174657c693a313536383138333335353b),
('4aj1l2plkifpeukjnb4k710hl7nlfk4b', '::1', 1568205196, 0x5f5f63695f6c6173745f726567656e65726174657c693a313536383230353139363b),
('4btn77uuteivb2kbkgvphre05vsuslil', '::1', 1568199148, 0x5f5f63695f6c6173745f726567656e65726174657c693a313536383139393134383b),
('4c19mbr4ggrgt6f76bh9d2jortaiphko', '::1', 1568183804, 0x5f5f63695f6c6173745f726567656e65726174657c693a313536383138333830343b),
('4c2ljk63ik93mveu79kh07912vna0i4l', '::1', 1568198012, 0x5f5f63695f6c6173745f726567656e65726174657c693a313536383139383031323b),
('4c792lft6glmi724kf6jv93mp7c4tvv0', '::1', 1568205021, 0x5f5f63695f6c6173745f726567656e65726174657c693a313536383230353032313b),
('4cndk6jujb0saqtd683qdrttj6sl46ag', '::1', 1568261754, 0x5f5f63695f6c6173745f726567656e65726174657c693a313536383236313735343b),
('4dq1d1kr1t3n5a3j24m6p260fm6r2rmd', '::1', 1568181943, 0x5f5f63695f6c6173745f726567656e65726174657c693a313536383138313934333b),
('4ej1fq6ug3oh2rinf6ouqh08qkmg42pd', '::1', 1568267999, 0x5f5f63695f6c6173745f726567656e65726174657c693a313536383236373939393b),
('4fftj5d2n1m9uasds1tlt9inaksb64f2', '::1', 1568183244, 0x5f5f63695f6c6173745f726567656e65726174657c693a313536383138333234343b),
('4hcdplbsg3oa29gg6le97av9besji6hu', '::1', 1568193706, 0x5f5f63695f6c6173745f726567656e65726174657c693a313536383139333730363b),
('4hesli241sapqi69e5k3bmnd470moa3d', '::1', 1568197268, 0x5f5f63695f6c6173745f726567656e65726174657c693a313536383139373236383b),
('4hhb9rvcvb9v6ear4s937h9buaadgfve', '::1', 1568198729, 0x5f5f63695f6c6173745f726567656e65726174657c693a313536383139383732393b),
('4igll8dqm01vqjbalhj56n1ku7pds4eb', '::1', 1568261855, 0x5f5f63695f6c6173745f726567656e65726174657c693a313536383236313835353b),
('4ik5peg5695ijvjd9nghvfpsctohlbkd', '::1', 1568197896, 0x5f5f63695f6c6173745f726567656e65726174657c693a313536383139373839363b),
('4inltdpfm7sen3e5gtcc09gekum61nns', '::1', 1568267896, 0x5f5f63695f6c6173745f726567656e65726174657c693a313536383236373839363b),
('4j7m4ai7970b9pop62cjdtnl1k69f81j', '::1', 1568263295, 0x5f5f63695f6c6173745f726567656e65726174657c693a313536383236333239353b),
('4kcufmoj90o610mc7sjogq6n8vvbul3o', '::1', 1568202998, 0x5f5f63695f6c6173745f726567656e65726174657c693a313536383230323939383b),
('4mp3omfvd9kt6rebacvis4l8akc5c9n8', '::1', 1568262439, 0x5f5f63695f6c6173745f726567656e65726174657c693a313536383236323433393b),
('4netcmjoc5tu20echte3j11j2h18qvf8', '::1', 1568263335, 0x5f5f63695f6c6173745f726567656e65726174657c693a313536383236333333353b),
('4npn3tn93klrj9loursp1ugs8d8ngflp', '::1', 1568268235, 0x5f5f63695f6c6173745f726567656e65726174657c693a313536383236383233353b),
('4p6h2mgslejbj90tfc36ioakavlabive', '::1', 1568202717, 0x5f5f63695f6c6173745f726567656e65726174657c693a313536383230323731373b),
('4qngbsrt20udo37mjm3g60dan2rjpsbd', '::1', 1568203344, 0x5f5f63695f6c6173745f726567656e65726174657c693a313536383230333334343b),
('4ut09eo4bi97n843kj1c1p6p1no47fpl', '::1', 1568181886, 0x5f5f63695f6c6173745f726567656e65726174657c693a313536383138313838363b),
('505376u4fod724tqp44hig5nda95rkj8', '::1', 1568197198, 0x5f5f63695f6c6173745f726567656e65726174657c693a313536383139373139383b),
('51jq051seglramjn1ko6n58khqe69tnf', '::1', 1568193964, 0x5f5f63695f6c6173745f726567656e65726174657c693a313536383139333936343b),
('51p4vs1q0dnamuh5mgdc5rhnd279rddc', '::1', 1568262701, 0x5f5f63695f6c6173745f726567656e65726174657c693a313536383236323730313b),
('53c8pahm28tpjd4obk6qvcivubuts1vc', '::1', 1568262879, 0x5f5f63695f6c6173745f726567656e65726174657c693a313536383236323837393b),
('546dnovif2tls28ig8hkne420noljugj', '::1', 1568197452, 0x5f5f63695f6c6173745f726567656e65726174657c693a313536383139373435323b),
('54sts95jmf7uia6vvvde2s8i6r2gs4b9', '::1', 1568202760, 0x5f5f63695f6c6173745f726567656e65726174657c693a313536383230323736303b),
('58k0it8oe13ma35v9c2ggeddllj1s76a', '::1', 1568197975, 0x5f5f63695f6c6173745f726567656e65726174657c693a313536383139373937353b),
('595ddgoll55rmmh1hlcrfjf3ji5efed7', '::1', 1568203295, 0x5f5f63695f6c6173745f726567656e65726174657c693a313536383230333239353b),
('5am8d9ogj2qhl3kegehnbhbd4toc9o7l', '::1', 1568262879, 0x5f5f63695f6c6173745f726567656e65726174657c693a313536383236323837393b),
('5bh3k1i15ao39nr4r084gm499bunt49n', '::1', 1568203073, 0x5f5f63695f6c6173745f726567656e65726174657c693a313536383230333037333b),
('5co55mk7ipp3db9itdaannjo4p0iv07i', '::1', 1568202736, 0x5f5f63695f6c6173745f726567656e65726174657c693a313536383230323733363b),
('5cuf8h29uaoaqad06jf47bc1ihl2j7j4', '::1', 1568267599, 0x5f5f63695f6c6173745f726567656e65726174657c693a313536383236373539393b),
('5d8l4luru1p78hrh6ojcn47210183rl0', '::1', 1568177884, 0x5f5f63695f6c6173745f726567656e65726174657c693a313536383137373838343b),
('5dd2s01c5e12kvi7ea2kprd0uceuoogq', '::1', 1568262732, 0x5f5f63695f6c6173745f726567656e65726174657c693a313536383236323733323b),
('5dtfmm0mq1mf8nj8u6l1mkr10dq3gs5g', '::1', 1568204874, 0x5f5f63695f6c6173745f726567656e65726174657c693a313536383230343837343b),
('5ecdfhd10ll4nhk7mpg4ni8taa8i65fo', '::1', 1568262484, 0x5f5f63695f6c6173745f726567656e65726174657c693a313536383236323438343b),
('5ecqo81fdtl8ovgi4bdevsaai4crg7dr', '::1', 1568203541, 0x5f5f63695f6c6173745f726567656e65726174657c693a313536383230333534313b),
('5f80dddeij2gkuof3tc16t374s4c3vdk', '::1', 1568194113, 0x5f5f63695f6c6173745f726567656e65726174657c693a313536383139343131333b),
('5fe5jj2vo09amc2vlj2rqmt7e2quh5lb', '::1', 1568268571, 0x5f5f63695f6c6173745f726567656e65726174657c693a313536383236383537313b),
('5he5ldcfn0ertq8ieu7stla00m4baj8o', '::1', 1568204827, 0x5f5f63695f6c6173745f726567656e65726174657c693a313536383230343832373b),
('5iu4at36rci31o6ea7jlp17f8qptsmvj', '::1', 1568262305, 0x5f5f63695f6c6173745f726567656e65726174657c693a313536383236323330353b),
('5k9ttvupomspmovr1ar8o2cq84j708on', '::1', 1568183522, 0x5f5f63695f6c6173745f726567656e65726174657c693a313536383138333532323b),
('5kh3q4u36bq2e524hi5kfttr7id5r07c', '::1', 1568197350, 0x5f5f63695f6c6173745f726567656e65726174657c693a313536383139373335303b),
('5leuclneqm7rs7108ej1mc2ois6f4tn7', '::1', 1568181874, 0x5f5f63695f6c6173745f726567656e65726174657c693a313536383138313837343b),
('5lkgf0mbak7nil9256hoqkq1o3h8saps', '::1', 1568267608, 0x5f5f63695f6c6173745f726567656e65726174657c693a313536383236373630383b),
('5m7bn64hu43j4aklo5lk5148tnopubp3', '::1', 1568196989, 0x5f5f63695f6c6173745f726567656e65726174657c693a313536383139363938393b),
('5mc5tb64oo5pnjr30jfqd3kqmodtdd85', '::1', 1568262318, 0x5f5f63695f6c6173745f726567656e65726174657c693a313536383236323331383b),
('5our1ddt3ncfaoo4cndn41l1j68fprte', '::1', 1568197341, 0x5f5f63695f6c6173745f726567656e65726174657c693a313536383139373334313b),
('5pbk1otvb7isndps5runbghbk7eah0jo', '::1', 1568203314, 0x5f5f63695f6c6173745f726567656e65726174657c693a313536383230333331343b),
('5rit7g55ovm2noij9qvja33h3r56e3lv', '::1', 1568197692, 0x5f5f63695f6c6173745f726567656e65726174657c693a313536383139373639323b),
('5uf6onem6lp5iabdi240uirtar1it2ib', '::1', 1568267677, 0x5f5f63695f6c6173745f726567656e65726174657c693a313536383236373637373b),
('5v79ougglvgop9jvn9t9pvvdd9rpu9j8', '::1', 1568267906, 0x5f5f63695f6c6173745f726567656e65726174657c693a313536383236373930363b),
('629ek92i41s4vu724oqspjjsavgeqktv', '::1', 1568263168, 0x5f5f63695f6c6173745f726567656e65726174657c693a313536383236333136373b),
('62fetocdu2h3pfsggggng1o1t1vat0lj', '::1', 1568178082, 0x5f5f63695f6c6173745f726567656e65726174657c693a313536383137383038323b),
('62n83kc35mvsapd2osr0u9hemtth7ef3', '::1', 1568262874, 0x5f5f63695f6c6173745f726567656e65726174657c693a313536383236323837343b),
('634aj4jir33drscahnjnic33rd7coisf', '::1', 1568199427, 0x5f5f63695f6c6173745f726567656e65726174657c693a313536383139393432373b),
('63lqr5hv5cho6clasm32ferkmsdeuoc4', '::1', 1568262894, 0x5f5f63695f6c6173745f726567656e65726174657c693a313536383236323839343b),
('65808c8uo1e8jplugajbc0r1chqco0fu', '::1', 1568196265, 0x5f5f63695f6c6173745f726567656e65726174657c693a313536383139363236353b),
('6a0ema21t88g7hekmas0ok6dltuagjp0', '::1', 1568263134, 0x5f5f63695f6c6173745f726567656e65726174657c693a313536383236333133343b),
('6bssohbm67jjo3inajqapvthohs7bs53', '::1', 1568205098, 0x5f5f63695f6c6173745f726567656e65726174657c693a313536383230353039383b),
('6c0p114f237eq425j10vv2fd2re0ijgh', '::1', 1568203344, 0x5f5f63695f6c6173745f726567656e65726174657c693a313536383230333334343b),
('6cl10ededa6mfp95vlnnnj13jotv7ejs', '::1', 1568177903, 0x5f5f63695f6c6173745f726567656e65726174657c693a313536383137373930333b),
('6d07ijlo1v8dgd9sq3guqi1a9b6iiufp', '::1', 1568178188, 0x5f5f63695f6c6173745f726567656e65726174657c693a313536383137383138383b),
('6dtge56envh0t69mae1jj28fj2ph1lrb', '::1', 1568198179, 0x5f5f63695f6c6173745f726567656e65726174657c693a313536383139383137393b),
('6ennpkh6poamjb5r2esifdk5psjfm6jt', '::1', 1568178069, 0x5f5f63695f6c6173745f726567656e65726174657c693a313536383137383036393b),
('6ffgbj2vg6nvf4p1snqn5vpd32icmmud', '::1', 1568267872, 0x5f5f63695f6c6173745f726567656e65726174657c693a313536383236373837323b),
('6ggbhmb3oag9i0p4rj994f6k0vqsf5mh', '::1', 1568203350, 0x5f5f63695f6c6173745f726567656e65726174657c693a313536383230333335303b),
('6ho766n8gjkrmcv0pjchj785eegolg7j', '::1', 1568198284, 0x5f5f63695f6c6173745f726567656e65726174657c693a313536383139383238343b),
('6i1de9d1roev7kmkdij76upf1qlas4c5', '::1', 1568199177, 0x5f5f63695f6c6173745f726567656e65726174657c693a313536383139393137373b),
('6iqhqf0163mumhbkmma9kpqrii2oqrgd', '::1', 1568197372, 0x5f5f63695f6c6173745f726567656e65726174657c693a313536383139373337323b),
('6kbas8uh5lcsj1qk07ntoqrstl3hu6h4', '::1', 1568197993, 0x5f5f63695f6c6173745f726567656e65726174657c693a313536383139373939333b),
('6l8a2hbcls305l3e09av3c9n1v5nk9hg', '::1', 1568266738, 0x5f5f63695f6c6173745f726567656e65726174657c693a313536383236363733373b),
('6ljgoa4gqgas31ak3eja1evug6963m44', '::1', 1568199427, 0x5f5f63695f6c6173745f726567656e65726174657c693a313536383139393432373b),
('6m697un67lsl7evo4k7o85he01o0j602', '::1', 1568263031, 0x5f5f63695f6c6173745f726567656e65726174657c693a313536383236333033313b),
('6mk8muk764ijqvl8ugtm4uuirqp488gn', '::1', 1568267928, 0x5f5f63695f6c6173745f726567656e65726174657c693a313536383236373932383b),
('6o0apqfr133g6q3gn6f81qkorq26fh6k', '::1', 1568183395, 0x5f5f63695f6c6173745f726567656e65726174657c693a313536383138333339353b),
('6oe4em7pirikr9hj9goftt0a8rf0r25n', '::1', 1568178144, 0x5f5f63695f6c6173745f726567656e65726174657c693a313536383137383134343b),
('6oojhuq23le7g3vqn5u0tsdd3lngq3je', '::1', 1568182364, 0x5f5f63695f6c6173745f726567656e65726174657c693a313536383138323336343b),
('6qecbtppqn4rnlfj5qcrr9likuso7f84', '::1', 1568198702, 0x5f5f63695f6c6173745f726567656e65726174657c693a313536383139383730323b),
('6r1gc3igjlqr4regqddff2tj4elhe4qc', '::1', 1568178369, 0x5f5f63695f6c6173745f726567656e65726174657c693a313536383137383336393b),
('6rqep0m5utkts9n4pgspcqm3onq432l3', '::1', 1568198088, 0x5f5f63695f6c6173745f726567656e65726174657c693a313536383139383038383b),
('6tqjiuek63rsch0gbee3740rsns4c3su', '::1', 1568268734, 0x5f5f63695f6c6173745f726567656e65726174657c693a313536383236383733343b),
('6u248rrk0fbctsa0ijni6e4jkf7e17vg', '::1', 1568268210, 0x5f5f63695f6c6173745f726567656e65726174657c693a313536383236383231303b),
('6umf8sm3n38dc9486v71fnr69itp1uia', '::1', 1568197853, 0x5f5f63695f6c6173745f726567656e65726174657c693a313536383139373835333b),
('703sd8p3l48g14qmuqj4g8hdgj47jini', '::1', 1568202599, 0x5f5f63695f6c6173745f726567656e65726174657c693a313536383230323539393b),
('70icon4eqf3s4ccgfc1ro9gcom692vqa', '::1', 1568196276, 0x5f5f63695f6c6173745f726567656e65726174657c693a313536383139363237363b),
('70l5h61brvbtf14nlatm1pds425bbr34', '::1', 1568262721, 0x5f5f63695f6c6173745f726567656e65726174657c693a313536383236323732313b),
('71kv1gci4rrjntoq0bfgdcquav439gm2', '::1', 1568193663, 0x5f5f63695f6c6173745f726567656e65726174657c693a313536383139333636323b),
('739it5cq7edrtkarpdqmibsgmto8p0vn', '::1', 1568203256, 0x5f5f63695f6c6173745f726567656e65726174657c693a313536383230333235363b),
('76a0fvr803pai7s2n65k12vbeqn2go4o', '::1', 1568264814, 0x5f5f63695f6c6173745f726567656e65726174657c693a313536383236343831343b),
('79ktd6397gl8q45tjeb582t1q2io50fa', '::1', 1568268507, 0x5f5f63695f6c6173745f726567656e65726174657c693a313536383236383530373b),
('7acug6fpq348s5ss5fatfhkchbi8ftck', '::1', 1568201960, 0x5f5f63695f6c6173745f726567656e65726174657c693a313536383230313936303b),
('7d6gsflro14aht7vv7b9n76312eav5l2', '::1', 1568197344, 0x5f5f63695f6c6173745f726567656e65726174657c693a313536383139373334343b),
('7dhf4in19rj4fbbuedvpm78nj2ibjrpf', '::1', 1568182025, 0x5f5f63695f6c6173745f726567656e65726174657c693a313536383138323032353b),
('7dl8kljekslfs5vk8b2dnhihaffr1sjv', '::1', 1568197737, 0x5f5f63695f6c6173745f726567656e65726174657c693a313536383139373733373b),
('7ehnj5ur9jqtmnfcni2qhkcknd38o808', '::1', 1568263172, 0x5f5f63695f6c6173745f726567656e65726174657c693a313536383236333137323b),
('7je16gjd92oudcq9dni4feo9j0ua3qbl', '::1', 1568185299, 0x5f5f63695f6c6173745f726567656e65726174657c693a313536383138353239393b),
('7jjd0krmiuqte5uil4cfeol8p0ger7r8', '::1', 1568267628, 0x5f5f63695f6c6173745f726567656e65726174657c693a313536383236373632383b),
('7k0h8rkibkj9hk8jrsq3coaofgsd50ib', '::1', 1568183386, 0x5f5f63695f6c6173745f726567656e65726174657c693a313536383138333338363b),
('7k8s03eeveb0qoir55f26hsv5kg90j7i', '::1', 1568196558, 0x5f5f63695f6c6173745f726567656e65726174657c693a313536383139363535383b),
('7kfmqbo3vukeba8i3338to8nn41nlcg5', '::1', 1568182289, 0x5f5f63695f6c6173745f726567656e65726174657c693a313536383138323238393b),
('7m5jcgph5mk3kpsdit43tsahu9a0cbm6', '::1', 1568194117, 0x5f5f63695f6c6173745f726567656e65726174657c693a313536383139343131373b),
('7mb4vb8dcmo63cakmo09m9se3l6qg1u4', '::1', 1568205600, 0x5f5f63695f6c6173745f726567656e65726174657c693a313536383230353630303b),
('7mcge2nt04j4q9vjaimucv5rcoi2a001', '::1', 1568197334, 0x5f5f63695f6c6173745f726567656e65726174657c693a313536383139373333343b),
('7odvfdvfl7tjcr6e0vodncf6s06oq6rh', '::1', 1568203718, 0x5f5f63695f6c6173745f726567656e65726174657c693a313536383230333731383b),
('7pbrpbc8qrlsr9dj3ucgb44rh6h6j97m', '::1', 1568178069, 0x5f5f63695f6c6173745f726567656e65726174657c693a313536383137383036393b),
('7r61t3eugjud01cjpopq8ot5g860npj0', '::1', 1568267932, 0x5f5f63695f6c6173745f726567656e65726174657c693a313536383236373933323b),
('7tqflol88bfenr3qb45jklhtipsibrlg', '::1', 1568205278, 0x5f5f63695f6c6173745f726567656e65726174657c693a313536383230353237383b),
('7uprl5gpp502nh02ded5qm0hfvftl13c', '::1', 1568267957, 0x5f5f63695f6c6173745f726567656e65726174657c693a313536383236373935373b),
('81a1gdrt92gpj18scijerne2acm5cqrp', '::1', 1568205610, 0x5f5f63695f6c6173745f726567656e65726174657c693a313536383230353631303b),
('81rfpa6u1rlm5b3ceurr6kh3q2bthgaq', '::1', 1568178188, 0x5f5f63695f6c6173745f726567656e65726174657c693a313536383137383138383b),
('82kc74goul178d03gq7e8c84rn8r3t48', '::1', 1568268238, 0x5f5f63695f6c6173745f726567656e65726174657c693a313536383236383233383b),
('86lgpfb61jo9aeu7ibdli1p4smp2cfen', '::1', 1568262260, 0x5f5f63695f6c6173745f726567656e65726174657c693a313536383236323236303b),
('88slsjh3mqnqcmosaikbo5kflao2bbr2', '::1', 1568262705, 0x5f5f63695f6c6173745f726567656e65726174657c693a313536383236323730353b),
('89t23c9v6bcp157bem4m791cc4ghhcmu', '::1', 1568267886, 0x5f5f63695f6c6173745f726567656e65726174657c693a313536383236373838353b),
('89uepsr71dpm19ut7uj9imhtkores4vr', '::1', 1568196258, 0x5f5f63695f6c6173745f726567656e65726174657c693a313536383139363235383b),
('8b57bj7ainsmdk45qd2pla663c7csjhn', '::1', 1568203034, 0x5f5f63695f6c6173745f726567656e65726174657c693a313536383230333033343b),
('8bngcft1n1gpvmet66vp66733cnok4lj', '::1', 1568178224, 0x5f5f63695f6c6173745f726567656e65726174657c693a313536383137383232343b),
('8dk52nb7pv8btcqe9ovsst4mopma865n', '::1', 1568196764, 0x5f5f63695f6c6173745f726567656e65726174657c693a313536383139363736343b),
('8f117rk7unklsn5u1prcchk406amvnjh', '::1', 1568202907, 0x5f5f63695f6c6173745f726567656e65726174657c693a313536383230323930373b),
('8hov5spto8p54ahfvdjk3j2ocn2a2idi', '::1', 1568205584, 0x5f5f63695f6c6173745f726567656e65726174657c693a313536383230353538343b),
('8hqahf0p09c1nhuatcloeb3lc4581oq0', '::1', 1568263404, 0x5f5f63695f6c6173745f726567656e65726174657c693a313536383236333430343b),
('8k0qfoai3a7vdsdu72gp5266hr3f1gsu', '::1', 1568201437, 0x5f5f63695f6c6173745f726567656e65726174657c693a313536383230313433373b),
('8mn8kkluor08p3274f0o86l59ik75pbg', '::1', 1568197796, 0x5f5f63695f6c6173745f726567656e65726174657c693a313536383139373739363b),
('8nrqsh8o9sjq536d9k0npii6lqtajr1n', '::1', 1568197749, 0x5f5f63695f6c6173745f726567656e65726174657c693a313536383139373734393b),
('8snm06utq6u8pvpsk147o01n3a59jvak', '::1', 1568205699, 0x5f5f63695f6c6173745f726567656e65726174657c693a313536383230353639393b),
('8tajvqfqjbd6rq71cfus4sadbj4s4v1s', '::1', 1568267913, 0x5f5f63695f6c6173745f726567656e65726174657c693a313536383236373931333b),
('90lcb6j0f47omvtvqsp5i4313hmpp343', '::1', 1568205417, 0x5f5f63695f6c6173745f726567656e65726174657c693a313536383230353431373b),
('91hg6gmdgpm2e4475m4bfoum87qkqmr4', '::1', 1568261858, 0x5f5f63695f6c6173745f726567656e65726174657c693a313536383236313835383b),
('91qam6p364afvmgdb6q0e8t6art8ie8c', '::1', 1568205021, 0x5f5f63695f6c6173745f726567656e65726174657c693a313536383230353032313b),
('950qgkgo8hoimt9v9lld1kakjj9lvdm8', '::1', 1568198193, 0x5f5f63695f6c6173745f726567656e65726174657c693a313536383139383139333b),
('95hjou621us6qofvdu4bum9quv1sas27', '::1', 1568205436, 0x5f5f63695f6c6173745f726567656e65726174657c693a313536383230353433363b),
('96qof977f7ml5p7ag10gv7j2i9kgv7s3', '::1', 1568197190, 0x5f5f63695f6c6173745f726567656e65726174657c693a313536383139373139303b),
('9a5i86fp6f4im0gecsqqkv5iknsjlo6o', '::1', 1568261905, 0x5f5f63695f6c6173745f726567656e65726174657c693a313536383236313930353b),
('9bqh1p3crklmcq2hl42jnplr7n4di9ba', '::1', 1568267588, 0x5f5f63695f6c6173745f726567656e65726174657c693a313536383236373538383b),
('9c14m1h99svvmg6jc9i3nmt76lah5ufr', '::1', 1568202939, 0x5f5f63695f6c6173745f726567656e65726174657c693a313536383230323933393b),
('9cp1ecu71qk9fm6tcpa99ik06urr1e6b', '::1', 1568177981, 0x5f5f63695f6c6173745f726567656e65726174657c693a313536383137373938313b),
('9doiajqicgfctd6o9j1bud3sh9p46q23', '::1', 1568202736, 0x5f5f63695f6c6173745f726567656e65726174657c693a313536383230323733363b),
('9e409hms7m1005gvf0180po7hmr11m5j', '::1', 1568198243, 0x5f5f63695f6c6173745f726567656e65726174657c693a313536383139383234333b),
('9fjg3eah0u4vqj1o6nrjivqrv8g231m1', '::1', 1568198252, 0x5f5f63695f6c6173745f726567656e65726174657c693a313536383139383235323b),
('9g87ve1nrkrlj9arcgscujkj6gpm14aq', '::1', 1568268154, 0x5f5f63695f6c6173745f726567656e65726174657c693a313536383236383135343b),
('9gniel46jt7huhtoli31e1olreg3mp9k', '::1', 1568198326, 0x5f5f63695f6c6173745f726567656e65726174657c693a313536383139383332363b),
('9hjslio41jr1hnq2rr1ulsvds0qe7fk9', '::1', 1568196938, 0x5f5f63695f6c6173745f726567656e65726174657c693a313536383139363933383b),
('9ijofdtme0r8ck9poh0gorfpsmmjok6u', '::1', 1568204909, 0x5f5f63695f6c6173745f726567656e65726174657c693a313536383230343930393b),
('9islj75vgciiaat23r7d1dt7hp8c81q9', '::1', 1568183253, 0x5f5f63695f6c6173745f726567656e65726174657c693a313536383138333235333b),
('9kla1vr3ggal4if42tq3dk0ubqrh5jae', '::1', 1568261696, 0x5f5f63695f6c6173745f726567656e65726174657c693a313536383236313639363b),
('9mmceood4bojq36i040am21t9karb8bv', '::1', 1568193929, 0x5f5f63695f6c6173745f726567656e65726174657c693a313536383139333932383b),
('9mn74b09nk7ddf9qan6mu481shbag934', '::1', 1568194117, 0x5f5f63695f6c6173745f726567656e65726174657c693a313536383139343131373b),
('9mus3fk0hqn6vsmp36r4e2gtiis9mrum', '::1', 1568198734, 0x5f5f63695f6c6173745f726567656e65726174657c693a313536383139383733343b),
('9n0l824p2s6rfcj8l6jrt6qjjso7tcum', '::1', 1568194136, 0x5f5f63695f6c6173745f726567656e65726174657c693a313536383139343133363b),
('9npohvod0kotcr0l3l76q6i0na8t957n', '::1', 1568268769, 0x5f5f63695f6c6173745f726567656e65726174657c693a313536383236383736393b),
('9op2s49e96ks3jlaqu8rqmebbd62bu4g', '::1', 1568201362, 0x5f5f63695f6c6173745f726567656e65726174657c693a313536383230313336323b),
('9pdat2srseadkifdeg8pvmiuavklslpn', '::1', 1568262536, 0x5f5f63695f6c6173745f726567656e65726174657c693a313536383236323533363b),
('9qqon58it7872947lfos0plmps902nv6', '::1', 1568177361, 0x5f5f63695f6c6173745f726567656e65726174657c693a313536383137373336313b),
('a0kuq1bnhq38d5td5u8drq4lpln28lf6', '::1', 1568263168, 0x5f5f63695f6c6173745f726567656e65726174657c693a313536383236333136373b),
('a0v5obdh1ockjid8k4ja0shdjt9ud50n', '::1', 1568268924, 0x5f5f63695f6c6173745f726567656e65726174657c693a313536383236383932343b),
('a1c5qqg5p6gb50u1tl57q0agjkbecuid', '::1', 1568263044, 0x5f5f63695f6c6173745f726567656e65726174657c693a313536383236333034343b),
('a1u4ekdnr1uhe7qjg29ddk5or3b5lmrr', '::1', 1568177912, 0x5f5f63695f6c6173745f726567656e65726174657c693a313536383137373931323b),
('a2aqj1pnukmb8brsf3ht260q0mdn3ig1', '::1', 1568178273, 0x5f5f63695f6c6173745f726567656e65726174657c693a313536383137383237333b),
('a364pc7p2vgmt5jqt074ue0nruat57a2', '::1', 1568205135, 0x5f5f63695f6c6173745f726567656e65726174657c693a313536383230353133353b),
('a48dft1j1q9imdf3vn4okms28kcarqql', '::1', 1568267707, 0x5f5f63695f6c6173745f726567656e65726174657c693a313536383236373730373b),
('a545jauvohtqe0bfedb595j3keng9cnq', '::1', 1568199506, 0x5f5f63695f6c6173745f726567656e65726174657c693a313536383139393530363b),
('a6butipk497hjeiap5fs1e800kalfnug', '::1', 1568204947, 0x5f5f63695f6c6173745f726567656e65726174657c693a313536383230343934373b),
('aagmsrd4aeq0ikket53elersobl2ehsj', '::1', 1568198045, 0x5f5f63695f6c6173745f726567656e65726174657c693a313536383139383034353b),
('ab12acnu7gspne7uiq9hemlfsqt277st', '::1', 1568263409, 0x5f5f63695f6c6173745f726567656e65726174657c693a313536383236333430393b),
('abqcp7hq0qtgsg4ugid1clt3grt9nutf', '::1', 1568203815, 0x5f5f63695f6c6173745f726567656e65726174657c693a313536383230333831353b),
('abvslkr2is73oi8o4da9qisov819fv1i', '::1', 1568267939, 0x5f5f63695f6c6173745f726567656e65726174657c693a313536383236373933393b),
('adog2aca61dlbuk026laidia027igm22', '::1', 1568261855, 0x5f5f63695f6c6173745f726567656e65726174657c693a313536383236313835353b),
('ae06tt8b5esotbmf6q14vdmt3e4j2ich', '::1', 1568198093, 0x5f5f63695f6c6173745f726567656e65726174657c693a313536383139383039333b),
('aei7o62n5s8fmvdh69ubks01spui0dht', '::1', 1568261609, 0x5f5f63695f6c6173745f726567656e65726174657c693a313536383236313630383b),
('ah9s2f7t69dbibafgiojhfk48jlh62eo', '::1', 1568202567, 0x5f5f63695f6c6173745f726567656e65726174657c693a313536383230323536373b),
('ahv1jirdae8ddecsup0qqunk301c1trn', '::1', 1568268209, 0x5f5f63695f6c6173745f726567656e65726174657c693a313536383236383230383b),
('airid8fpm91ectln803mu8ka7phj44nf', '::1', 1568268088, 0x5f5f63695f6c6173745f726567656e65726174657c693a313536383236383038383b),
('aitafogatf47f9dd2iou5km6tt03bigk', '::1', 1568267633, 0x5f5f63695f6c6173745f726567656e65726174657c693a313536383236373633333b),
('aj2to6krffgopcpvbvbt5m93jlo1p4sd', '::1', 1568262894, 0x5f5f63695f6c6173745f726567656e65726174657c693a313536383236323839343b),
('ajs9jelh6e6imjhujf6mqtsl3r7t4o62', '::1', 1568268769, 0x5f5f63695f6c6173745f726567656e65726174657c693a313536383236383736393b),
('am6v9h96ikfqq8b9cialti5bdpa21r5a', '::1', 1568198335, 0x5f5f63695f6c6173745f726567656e65726174657c693a313536383139383333353b),
('amdheae5bcajrnrgtepc21no2e8gnu4j', '::1', 1568204863, 0x5f5f63695f6c6173745f726567656e65726174657c693a313536383230343836333b),
('amtsgm7rnqqkihr4b0o50fhbg61bofhg', '::1', 1568197941, 0x5f5f63695f6c6173745f726567656e65726174657c693a313536383139373934313b),
('anfs0po3p3pqk0m0i605a99lf085gelu', '::1', 1568267747, 0x5f5f63695f6c6173745f726567656e65726174657c693a313536383236373734373b),
('aojnvhugrrf9238je1ahi5bkuml6beqg', '::1', 1568178139, 0x5f5f63695f6c6173745f726567656e65726174657c693a313536383137383133393b),
('aondceqb67nss7qfa3rhdg7ig3lnql29', '::1', 1568262621, 0x5f5f63695f6c6173745f726567656e65726174657c693a313536383236323632313b),
('aosb4bf9t22hc79vnb589cg2mv8mv642', '::1', 1568198311, 0x5f5f63695f6c6173745f726567656e65726174657c693a313536383139383331313b),
('aqjfcqac61lok5sgjqieh6u9kv333j7e', '::1', 1568182099, 0x5f5f63695f6c6173745f726567656e65726174657c693a313536383138323039393b),
('arcj7qc4jtubn7j3ib27d73fe0e62dll', '::1', 1568267608, 0x5f5f63695f6c6173745f726567656e65726174657c693a313536383236373630383b),
('asoroir1inle7cmucb43o1sf4f8fhib9', '::1', 1568193725, 0x5f5f63695f6c6173745f726567656e65726174657c693a313536383139333732353b),
('aug15qen9169qgphtec4h680uifh10ct', '::1', 1568267786, 0x5f5f63695f6c6173745f726567656e65726174657c693a313536383236373738363b),
('b06n7k4dlshb8anqhdo3803vgsoksv59', '::1', 1568178123, 0x5f5f63695f6c6173745f726567656e65726174657c693a313536383137383132333b),
('b19hifg80djfbi2k7nmdqq1ojsc5p0p1', '::1', 1568197263, 0x5f5f63695f6c6173745f726567656e65726174657c693a313536383139373236333b),
('b1hp4mc5i2bho78u6gvnoita8qka3jrb', '::1', 1568263199, 0x5f5f63695f6c6173745f726567656e65726174657c693a313536383236333139393b),
('b64kldsubr46a0l0bh3lpqoodrnsvj36', '::1', 1568267594, 0x5f5f63695f6c6173745f726567656e65726174657c693a313536383236373539343b),
('b6844ocrs89t8klclvifir1un445kp6a', '::1', 1568271237, 0x5f5f63695f6c6173745f726567656e65726174657c693a313536383237313233373b),
('b6b60dkqpi467b179qjh8dng8vcikt41', '::1', 1568267879, 0x5f5f63695f6c6173745f726567656e65726174657c693a313536383236373837393b),
('b6e1qqcjcne6vi3tk4j5e71805r653ai', '::1', 1568262641, 0x5f5f63695f6c6173745f726567656e65726174657c693a313536383236323634313b),
('b6igrqijqtldhaalrrgn63hhrl4q9mbe', '::1', 1568268924, 0x5f5f63695f6c6173745f726567656e65726174657c693a313536383236383932343b),
('b6se27okf1djfvq3onb3333k6ovvrb1m', '::1', 1568205699, 0x5f5f63695f6c6173745f726567656e65726174657c693a313536383230353639393b),
('b7o6vefgcgskou7464ncf2hl5uqdbkp2', '::1', 1568196960, 0x5f5f63695f6c6173745f726567656e65726174657c693a313536383139363936303b),
('b84u6c54d55vg8ob36sv9cdf1k6iqvpv', '::1', 1568261609, 0x5f5f63695f6c6173745f726567656e65726174657c693a313536383236313630383b),
('b9fq3r715f6uugdl7a5nd5o6a2ahmm67', '::1', 1568204879, 0x5f5f63695f6c6173745f726567656e65726174657c693a313536383230343837393b),
('baddt6ugs8u18n5ll5apm4q8of18mhs8', '::1', 1568194122, 0x5f5f63695f6c6173745f726567656e65726174657c693a313536383139343132323b),
('bafon7m2nlq91kvkulidqavfl20mmkun', '::1', 1568267805, 0x5f5f63695f6c6173745f726567656e65726174657c693a313536383236373830353b),
('bb6l7fl4rh449oakl8po6p9rbe9mngah', '::1', 1568267779, 0x5f5f63695f6c6173745f726567656e65726174657c693a313536383236373737393b),
('bbdmif7selof2ptg3nmv10rdj7notumr', '::1', 1568193988, 0x5f5f63695f6c6173745f726567656e65726174657c693a313536383139333938383b),
('bbfp7d652ndl5k6qcl3a5ek9hts2hh96', '::1', 1568196261, 0x5f5f63695f6c6173745f726567656e65726174657c693a313536383139363236313b),
('bcqcnfb27qo67c6j8k30p2iq6cao8q7h', '::1', 1568264836, 0x5f5f63695f6c6173745f726567656e65726174657c693a313536383236343833363b),
('bdhi7jot8ec5cpmvsoacabvha9amtpft', '::1', 1568181922, 0x5f5f63695f6c6173745f726567656e65726174657c693a313536383138313932323b),
('bf5mlnevm0br60s0jj8uuue1khrdu1n1', '::1', 1568183355, 0x5f5f63695f6c6173745f726567656e65726174657c693a313536383138333335353b),
('bfs11k6c0binuhumjnholpm087bpeub9', '::1', 1568183472, 0x5f5f63695f6c6173745f726567656e65726174657c693a313536383138333437323b),
('bh2nqpgkfocen4nluus4c6rrd6nj9aga', '::1', 1568202585, 0x5f5f63695f6c6173745f726567656e65726174657c693a313536383230323538353b),
('bh4r337hacajk9rk5rikfquek8g5euud', '::1', 1568205415, 0x5f5f63695f6c6173745f726567656e65726174657c693a313536383230353431353b),
('bicjvv7s99nr6neiindtq92oq7o7ht83', '::1', 1568202990, 0x5f5f63695f6c6173745f726567656e65726174657c693a313536383230323939303b),
('bk9m83thh68742uh215360h32a5bnjf8', '::1', 1568263049, 0x5f5f63695f6c6173745f726567656e65726174657c693a313536383236333034393b),
('bkpmek3nfe54oioprm7hsek9sqnpgi8r', '::1', 1568263394, 0x5f5f63695f6c6173745f726567656e65726174657c693a313536383236333339343b),
('blv5d5lcv5gtnieorhum7ipq1gge7bf3', '::1', 1568262715, 0x5f5f63695f6c6173745f726567656e65726174657c693a313536383236323731353b),
('bn326k5jcg468takqfgp4n260rg9kqms', '::1', 1568205135, 0x5f5f63695f6c6173745f726567656e65726174657c693a313536383230353133353b),
('bq0ce7s0jqjrer1d4ra135976u4g46l6', '::1', 1568199506, 0x5f5f63695f6c6173745f726567656e65726174657c693a313536383139393530363b),
('br426qthg12dakgl1oobahpre70oetgk', '::1', 1568268571, 0x5f5f63695f6c6173745f726567656e65726174657c693a313536383236383537313b),
('bvnc6aaq7ehec9f8utr5si9hg01qbaog', '::1', 1568262296, 0x5f5f63695f6c6173745f726567656e65726174657c693a313536383236323239363b),
('c0pb1376t0qrkj6cd091v25ku5mvunuf', '::1', 1568203443, 0x5f5f63695f6c6173745f726567656e65726174657c693a313536383230333434333b),
('c2knif1a9tqrj5tfpf72pn2upcqdeo7c', '::1', 1568263409, 0x5f5f63695f6c6173745f726567656e65726174657c693a313536383236333430393b),
('c2sefsfu93m2h1rlvq1a876nr1a1vfm7', '::1', 1568262521, 0x5f5f63695f6c6173745f726567656e65726174657c693a313536383236323532313b),
('c3i5gjsmjuckmsllgoflthqks68a51lv', '::1', 1568203798, 0x5f5f63695f6c6173745f726567656e65726174657c693a313536383230333739373b),
('c3qspod4f59tja18hq5e7dlh2t2huqsm', '::1', 1568183262, 0x5f5f63695f6c6173745f726567656e65726174657c693a313536383138333236323b),
('c6qi9o9gca184hoips6fhvt67jtnd3m1', '::1', 1568198869, 0x5f5f63695f6c6173745f726567656e65726174657c693a313536383139383836393b),
('c7kfkq7osn6n1unjhud8a6s9c8muftpa', '::1', 1568262632, 0x5f5f63695f6c6173745f726567656e65726174657c693a313536383236323633323b),
('c95sc6dnj517to0k14kc0iq8tgfiqk07', '::1', 1568262533, 0x5f5f63695f6c6173745f726567656e65726174657c693a313536383236323533333b),
('c9bonrg9qmsv088k5a72lm7advv5t7gp', '::1', 1568201471, 0x5f5f63695f6c6173745f726567656e65726174657c693a313536383230313437313b),
('c9dv63v85b504p2jig556so5icsshial', '::1', 1568202947, 0x5f5f63695f6c6173745f726567656e65726174657c693a313536383230323934373b),
('ca2ij6p2q93a81n71tnt1n00hhn7e7k6', '::1', 1568183488, 0x5f5f63695f6c6173745f726567656e65726174657c693a313536383138333438383b),
('cbjo81hccc9cr2qvdm1gvopu33j84cnk', '::1', 1568203243, 0x5f5f63695f6c6173745f726567656e65726174657c693a313536383230333234333b),
('cblgm9eqp02b1tpfd7kbfdvho1qb74jf', '::1', 1568261609, 0x5f5f63695f6c6173745f726567656e65726174657c693a313536383236313630383b),
('cc9et375rh0i3pq7s2gg47p8is4pmtlf', '::1', 1568178369, 0x5f5f63695f6c6173745f726567656e65726174657c693a313536383137383336393b),
('cco6b3moul12pel6uj0m4v20no2k4km3', '::1', 1568202907, 0x5f5f63695f6c6173745f726567656e65726174657c693a313536383230323930373b),
('cdbmf2ie0k223jge9o3g5135cijhuelv', '::1', 1568201687, 0x5f5f63695f6c6173745f726567656e65726174657c693a313536383230313638373b),
('cfi2mtmmfi40e6kvei0s5vcovkd24t5g', '::1', 1568268828, 0x5f5f63695f6c6173745f726567656e65726174657c693a313536383236383832383b),
('cg7146je0rm428vb9hgh4204dos9sucq', '::1', 1568205038, 0x5f5f63695f6c6173745f726567656e65726174657c693a313536383230353033383b),
('chhu2o7m9e4o8k9p6ogrq7mc0h5m0q7d', '::1', 1568203350, 0x5f5f63695f6c6173745f726567656e65726174657c693a313536383230333335303b),
('ckan655ba5saoq7dru8l4asp85u4bivg', '::1', 1568268498, 0x5f5f63695f6c6173745f726567656e65726174657c693a313536383236383439383b),
('ckhu6gl1gk944piqie17b5ijoqv3t6pu', '::1', 1568177859, 0x5f5f63695f6c6173745f726567656e65726174657c693a313536383137373835393b),
('clsqkcsq70cvcv2dc45u7g7nu95c2ion', '::1', 1568197833, 0x5f5f63695f6c6173745f726567656e65726174657c693a313536383139373833333b),
('cmnicqsijkqr98hq3vp9vtauepc0eu1n', '::1', 1568199218, 0x5f5f63695f6c6173745f726567656e65726174657c693a313536383139393231383b),
('cngh91nrihbpabgfg1fqpiq4jiq06k3q', '::1', 1568267822, 0x5f5f63695f6c6173745f726567656e65726174657c693a313536383236373832323b),
('cnvqq4svp4oat699r0urvmjrehlptv91', '::1', 1568262377, 0x5f5f63695f6c6173745f726567656e65726174657c693a313536383236323337373b),
('co4or7814dgurrpkl9d2q5v6tnvubkcb', '::1', 1568267805, 0x5f5f63695f6c6173745f726567656e65726174657c693a313536383236373830353b),
('cooeshe18mrf9ure7ofs91n3uldjslck', '::1', 1568198067, 0x5f5f63695f6c6173745f726567656e65726174657c693a313536383139383036373b),
('cou2m5uv4gcmnq6r46qmnl77iqgeluk1', '::1', 1568262380, 0x5f5f63695f6c6173745f726567656e65726174657c693a313536383236323338303b),
('cqg46hss3rs8ehq5udjh8vg232o823jq', '::1', 1568202616, 0x5f5f63695f6c6173745f726567656e65726174657c693a313536383230323631363b),
('cu4foeh0aecvrhveoeia29c8s0g5ik8b', '::1', 1568196879, 0x5f5f63695f6c6173745f726567656e65726174657c693a313536383139363837393b),
('cugcra89v7foi7cusf1qnrmcnngil01u', '::1', 1568196916, 0x5f5f63695f6c6173745f726567656e65726174657c693a313536383139363931363b),
('cv30ectu3eg0got4f5qjal0cle96hdb4', '::1', 1568201389, 0x5f5f63695f6c6173745f726567656e65726174657c693a313536383230313338383b),
('cvbr1omii2stkhaelg0tpiqkava7uhkj', '::1', 1568177305, 0x5f5f63695f6c6173745f726567656e65726174657c693a313536383137373330353b),
('d04oh970icqgiqgc7kk137ig6jtpn24r', '::1', 1568197710, 0x5f5f63695f6c6173745f726567656e65726174657c693a313536383139373731303b),
('d407tn7v7fe067ab1u0uk79d5s6d2khs', '::1', 1568178007, 0x5f5f63695f6c6173745f726567656e65726174657c693a313536383137383030373b),
('d44su9ksliadq8ond5b535c4ukj23gk6', '::1', 1568205600, 0x5f5f63695f6c6173745f726567656e65726174657c693a313536383230353630303b),
('d4m8tp91adggpacl761d6okpng8vt5pn', '::1', 1568262838, 0x5f5f63695f6c6173745f726567656e65726174657c693a313536383236323833383b),
('d5h4bprob9itshdorqsdb2brbdvqkn5t', '::1', 1568178105, 0x5f5f63695f6c6173745f726567656e65726174657c693a313536383137383130353b),
('d7u2ub9ll50spj67ai3e3hgrmf8smlel', '::1', 1568267928, 0x5f5f63695f6c6173745f726567656e65726174657c693a313536383236373932383b),
('d9mnutcqg5og2oge6h32pr8p7tr05vn4', '::1', 1568267934, 0x5f5f63695f6c6173745f726567656e65726174657c693a313536383236373933343b),
('d9ps7og28843usark4v8ui2fgpdh1bdl', '::1', 1568267867, 0x5f5f63695f6c6173745f726567656e65726174657c693a313536383236373836373b),
('dcks7u5agbkp2d8uil3ijct8eq7b8gb6', '::1', 1568198566, 0x5f5f63695f6c6173745f726567656e65726174657c693a313536383139383536363b),
('dep19gtkgvn2f6asnvjjda8f0tph29di', '::1', 1568267537, 0x5f5f63695f6c6173745f726567656e65726174657c693a313536383236373533373b),
('df8u4lem67r8ftaqpin8f9si4knbfo7g', '::1', 1568203249, 0x5f5f63695f6c6173745f726567656e65726174657c693a313536383230333234393b),
('dg2tkq73lodkccihrg6sl6tkolbes9c5', '::1', 1568203256, 0x5f5f63695f6c6173745f726567656e65726174657c693a313536383230333235363b),
('dgdbllke41pcer2ila423hnd5j0q8fut', '::1', 1568268227, 0x5f5f63695f6c6173745f726567656e65726174657c693a313536383236383232373b);
INSERT INTO `ci_sessions` (`id`, `ip_address`, `timestamp`, `data`) VALUES
('dhd7s8qfi80tq0ll5472a602qg7o92pg', '::1', 1568202756, 0x5f5f63695f6c6173745f726567656e65726174657c693a313536383230323735363b),
('dhkmfhiq1idt5ljesqoavthp5abh6r4h', '::1', 1568203038, 0x5f5f63695f6c6173745f726567656e65726174657c693a313536383230333033383b),
('dl1qv4tp6752a2379ff6h79eidvhrmnl', '::1', 1568262778, 0x5f5f63695f6c6173745f726567656e65726174657c693a313536383236323737383b),
('dl3bpo5vc99qtgtg8lv11u3ok94b1vu3', '::1', 1568262821, 0x5f5f63695f6c6173745f726567656e65726174657c693a313536383236323832313b),
('dm8pm8glruq3fu49phqrnf8djc9i2nek', '::1', 1568194148, 0x5f5f63695f6c6173745f726567656e65726174657c693a313536383139343134383b),
('dor29rrs7iv2fqjrl0l4aonfl5he41ku', '::1', 1568267636, 0x5f5f63695f6c6173745f726567656e65726174657c693a313536383236373633363b),
('dp46t0hgbjmpb9fk9t9n8975o3enohkc', '::1', 1568262982, 0x5f5f63695f6c6173745f726567656e65726174657c693a313536383236323938323b),
('dpe4freonjb8kthrlqkh5pkpi085l0sr', '::1', 1568203718, 0x5f5f63695f6c6173745f726567656e65726174657c693a313536383230333731383b),
('dpqtglcte6ot4vbnt9gkh0m3u7lhjclq', '::1', 1568196904, 0x5f5f63695f6c6173745f726567656e65726174657c693a313536383139363930343b),
('dqfn9pld8ung1buedh8td3du42pd34sl', '::1', 1568198057, 0x5f5f63695f6c6173745f726567656e65726174657c693a313536383139383035373b),
('dssf9in8qpajhk6s9fnsvn2jop1a9ofc', '::1', 1568262422, 0x5f5f63695f6c6173745f726567656e65726174657c693a313536383236323432323b),
('dt5ehjg5h8ov8vs29hi65c8st4q76mci', '::1', 1568204874, 0x5f5f63695f6c6173745f726567656e65726174657c693a313536383230343837343b),
('dth03pij85u6rnjfcgm2gkd3tcjdr4iv', '::1', 1568194129, 0x5f5f63695f6c6173745f726567656e65726174657c693a313536383139343132393b),
('e02lt4v5iksq7h3fan2564qatvbi9he8', '::1', 1568196577, 0x5f5f63695f6c6173745f726567656e65726174657c693a313536383139363537373b),
('e1lhilo0to54rjm3oufqt84shclb1c6v', '::1', 1568262576, 0x5f5f63695f6c6173745f726567656e65726174657c693a313536383236323537363b),
('e2a4v04k5vsctems989dmvdidab3jt6a', '::1', 1568205254, 0x5f5f63695f6c6173745f726567656e65726174657c693a313536383230353235343b),
('e2uh9kmpbufg5dilk1rhqcr0d9l1gg1a', '::1', 1568198292, 0x5f5f63695f6c6173745f726567656e65726174657c693a313536383139383239323b),
('e4ca6onlea1lf1c795ndu3193c7fdar3', '::1', 1568262855, 0x5f5f63695f6c6173745f726567656e65726174657c693a313536383236323835353b),
('e6n7jsi8vrl0m9ekoaoulorhtdn30asr', '::1', 1568177279, 0x5f5f63695f6c6173745f726567656e65726174657c693a313536383137373237393b),
('e8eorok6gp7fqkcmb728l6h3of7v3hq5', '::1', 1568268561, 0x5f5f63695f6c6173745f726567656e65726174657c693a313536383236383536313b),
('e9n7q0vkkn2rkdld113n8jaln2vgqump', '::1', 1568267419, 0x5f5f63695f6c6173745f726567656e65726174657c693a313536383236373431393b),
('e9skkd1p4e407hrje7eckni31v40i77q', '::1', 1568262380, 0x5f5f63695f6c6173745f726567656e65726174657c693a313536383236323338303b),
('edl810tehb52c44a6l0m4u397un1dkkr', '::1', 1568178063, 0x5f5f63695f6c6173745f726567656e65726174657c693a313536383137383036333b),
('ee5ftrgdf3cfqup23sc08t269c1cir3l', '::1', 1568267421, 0x5f5f63695f6c6173745f726567656e65726174657c693a313536383236373432313b),
('ef4pc4dvv47r5h0nln23ii5gk0oq69k4', '::1', 1568270771, 0x5f5f63695f6c6173745f726567656e65726174657c693a313536383237303737313b),
('eh60uck5k7at8b0ct0ov4iv92jhv0fb2', '::1', 1568202990, 0x5f5f63695f6c6173745f726567656e65726174657c693a313536383230323939303b),
('ej0c1rjilq81j94p97j782bug6urvidf', '::1', 1568178273, 0x5f5f63695f6c6173745f726567656e65726174657c693a313536383137383237333b),
('ek6u3nmmeg3f0evptvc90u3ifegr80di', '::1', 1568205436, 0x5f5f63695f6c6173745f726567656e65726174657c693a313536383230353433363b),
('eklnstk6g2ju73r624fmc707amdqpeqp', '::1', 1568198881, 0x5f5f63695f6c6173745f726567656e65726174657c693a313536383139383838313b),
('elicmn7g7ca0pe8l3qso7aknpefis2lk', '::1', 1568268024, 0x5f5f63695f6c6173745f726567656e65726174657c693a313536383236383032343b),
('elnsqgiq7hqu3enup948b8e78f5hrtjc', '::1', 1568262641, 0x5f5f63695f6c6173745f726567656e65726174657c693a313536383236323634313b),
('emv547p5ppes13dvbbq8iaf5so7988vl', '::1', 1568263115, 0x5f5f63695f6c6173745f726567656e65726174657c693a313536383236333131353b),
('enpq9k7j4f5le0gosem0s796qkl7khpd', '::1', 1568194145, 0x5f5f63695f6c6173745f726567656e65726174657c693a313536383139343134353b),
('eodqpc2i4g9uvk93g6ae10605on966bu', '::1', 1568184715, 0x5f5f63695f6c6173745f726567656e65726174657c693a313536383138343731353b),
('ep1617bnki8fp8gaj1nfsmap46ge4mej', '::1', 1568204623, 0x5f5f63695f6c6173745f726567656e65726174657c693a313536383230343632333b),
('epho6g5t66tsls6qpapq74a86g1bjp9u', '::1', 1568198747, 0x5f5f63695f6c6173745f726567656e65726174657c693a313536383139383734373b),
('et32f6g1l1c7n5227bspi5ai97bo2vnj', '::1', 1568267684, 0x5f5f63695f6c6173745f726567656e65726174657c693a313536383236373638343b),
('etdrukpvs628qmthfuutubi7s1lg209o', '::1', 1568196442, 0x5f5f63695f6c6173745f726567656e65726174657c693a313536383139363434323b),
('eubunas1c6jgqlspmm1cs18515hnc2fi', '::1', 1568197556, 0x5f5f63695f6c6173745f726567656e65726174657c693a313536383139373535363b),
('ev9vnekudo39559n53aoj9s3gbfdof7i', '::1', 1568196472, 0x5f5f63695f6c6173745f726567656e65726174657c693a313536383139363437323b),
('f14qu0drm1anm464giph806fc7lq57or', '::1', 1568198456, 0x5f5f63695f6c6173745f726567656e65726174657c693a313536383139383435363b),
('f317udjei2o8qj62sfioc23j5fc5hutt', '::1', 1568203536, 0x5f5f63695f6c6173745f726567656e65726174657c693a313536383230333533363b),
('f3qt85gbe6rav5g835cdfvf03gimoaq3', '::1', 1568178123, 0x5f5f63695f6c6173745f726567656e65726174657c693a313536383137383132333b),
('f4tn775cna97snb9tm2jgieepbo64mq0', '::1', 1568198430, 0x5f5f63695f6c6173745f726567656e65726174657c693a313536383139383433303b),
('f6gk84qkd53gvfdh5psh0i888raenj79', '::1', 1568181995, 0x5f5f63695f6c6173745f726567656e65726174657c693a313536383138313939353b),
('f6jors1tkacbatmhkfecjh206m7jva0n', '::1', 1568268556, 0x5f5f63695f6c6173745f726567656e65726174657c693a313536383236383535363b),
('f81ufih127q3glcm0pf1kcaureo9vb05', '::1', 1568262411, 0x5f5f63695f6c6173745f726567656e65726174657c693a313536383236323431313b),
('f8qrv6e7fa5rj3f6a10k1t90ks65jqpt', '::1', 1568204905, 0x5f5f63695f6c6173745f726567656e65726174657c693a313536383230343930353b),
('f9g8nfu282phrdcpr42c20nbh7lcu0iu', '::1', 1568193757, 0x5f5f63695f6c6173745f726567656e65726174657c693a313536383139333735373b),
('fbaonhvn23ttm083ejhq7sd0qsba3otr', '::1', 1568197873, 0x5f5f63695f6c6173745f726567656e65726174657c693a313536383139373837333b),
('fblq6juhlggcuahqnaeio9s2jcme3e5k', '::1', 1568203526, 0x5f5f63695f6c6173745f726567656e65726174657c693a313536383230333532363b),
('fch5lmt1upo5v425knbb766m1m6p6ahk', '::1', 1568267937, 0x5f5f63695f6c6173745f726567656e65726174657c693a313536383236373933373b),
('fjhmbkfi8tufh42lom6pipm24o1uu60o', '::1', 1568263320, 0x5f5f63695f6c6173745f726567656e65726174657c693a313536383236333332303b),
('fkhrd23kmd1d7mde2gfk9dcjb3li2rqb', '::1', 1568203587, 0x5f5f63695f6c6173745f726567656e65726174657c693a313536383230333538373b),
('fl2j52m604ehfivn14f6q839cqfjsgsu', '::1', 1568204827, 0x5f5f63695f6c6173745f726567656e65726174657c693a313536383230343832373b),
('flg3lq225fo0a3etce03dt0f9rpvralm', '::1', 1568267588, 0x5f5f63695f6c6173745f726567656e65726174657c693a313536383236373538383b),
('fndth0ek6ng9ge03aernc66rkn89k84s', '::1', 1568204879, 0x5f5f63695f6c6173745f726567656e65726174657c693a313536383230343837393b),
('fq6p1tim57g4ut79ecuavdqpot1dl14r', '::1', 1568262721, 0x5f5f63695f6c6173745f726567656e65726174657c693a313536383236323732313b),
('fq907f154d0hk6cens93bm9056pk0lp8', '::1', 1568205710, 0x5f5f63695f6c6173745f726567656e65726174657c693a313536383230353731303b),
('fqn0rhftk87dhu45j3g75l8h0n44m5qb', '::1', 1568182099, 0x5f5f63695f6c6173745f726567656e65726174657c693a313536383138323039393b),
('fr6hh4l0cv3926cj681hqtfcf18r9412', '::1', 1568203314, 0x5f5f63695f6c6173745f726567656e65726174657c693a313536383230333331343b),
('frc785s15o20m8h0gc3n7u60ipl0jpk0', '::1', 1568264836, 0x5f5f63695f6c6173745f726567656e65726174657c693a313536383236343833363b),
('frv16n0dfjsk5ilnfotrg7g0t7agb7gg', '::1', 1568201660, 0x5f5f63695f6c6173745f726567656e65726174657c693a313536383230313636303b),
('ftidmvrt6v9g0efm866jr57ef7ngeobq', '::1', 1568202717, 0x5f5f63695f6c6173745f726567656e65726174657c693a313536383230323731373b),
('fufaqhrqep9s4m79o2esutmc9mc5m5ns', '::1', 1568196821, 0x5f5f63695f6c6173745f726567656e65726174657c693a313536383139363832313b),
('g2ndicvt0vskdr23tvgdpjkt7j39m42l', '::1', 1568261729, 0x5f5f63695f6c6173745f726567656e65726174657c693a313536383236313732393b),
('g3b6f59voslkllv33s4k32ch597g22pt', '::1', 1568261738, 0x5f5f63695f6c6173745f726567656e65726174657c693a313536383236313733383b),
('g4a9at6203dfl7fqmp4o1c364vbguunh', '::1', 1568268807, 0x5f5f63695f6c6173745f726567656e65726174657c693a313536383236383830373b),
('g51ro5g5c1lh9vahd3b8t5hqluntl1fo', '::1', 1568268642, 0x5f5f63695f6c6173745f726567656e65726174657c693a313536383236383634323b),
('g74j789u1i4sm59ei4vjuepcoeklivum', '::1', 1568262484, 0x5f5f63695f6c6173745f726567656e65726174657c693a313536383236323438343b),
('g7eudrv9skkfgcirk1eeg8kegbauj9rl', '::1', 1568268771, 0x5f5f63695f6c6173745f726567656e65726174657c693a313536383236383737313b),
('g7mhoe28t69cbba08hoqq3d3et4msnh9', '::1', 1568263505, 0x5f5f63695f6c6173745f726567656e65726174657c693a313536383236333530343b),
('g7pumocpelkf5ur1hidigrme0mmjt0ar', '::1', 1568199213, 0x5f5f63695f6c6173745f726567656e65726174657c693a313536383139393231333b),
('g8kn1b6ch895vq20hp4cs6omdbum04ql', '::1', 1568203667, 0x5f5f63695f6c6173745f726567656e65726174657c693a313536383230333636373b),
('g9du0jp9f2v9gv0adholujl611clegl0', '::1', 1568194078, 0x5f5f63695f6c6173745f726567656e65726174657c693a313536383139343037383b),
('gca6ecor4dk9r1kvaepfrfrh4bqoce3g', '::1', 1568262563, 0x5f5f63695f6c6173745f726567656e65726174657c693a313536383236323536333b),
('gd7gsmhs7imprm8vuu457f6ia41g30uf', '::1', 1568199440, 0x5f5f63695f6c6173745f726567656e65726174657c693a313536383139393434303b),
('ggsmnpp4sbqk8t5f6v8oola4umungp0s', '::1', 1568262637, 0x5f5f63695f6c6173745f726567656e65726174657c693a313536383236323633373b),
('ggvtnvvbjcngdrojhbmul2pql74qctvv', '::1', 1568193799, 0x5f5f63695f6c6173745f726567656e65726174657c693a313536383139333739393b),
('ghn5d97gudub22st2ph2shg54k36fi5l', '::1', 1568267920, 0x5f5f63695f6c6173745f726567656e65726174657c693a313536383236373932303b),
('gihdtdflueaqq790qucb8hdno587hf2s', '::1', 1568203263, 0x5f5f63695f6c6173745f726567656e65726174657c693a313536383230333236333b),
('gjuamsjivttdj5m8t1givbchuip665c2', '::1', 1568262969, 0x5f5f63695f6c6173745f726567656e65726174657c693a313536383236323936393b),
('gk1j38oqq86ruagpoaq0d8v4uf0irp2n', '::1', 1568196867, 0x5f5f63695f6c6173745f726567656e65726174657c693a313536383139363836373b),
('gl2d00bbnofdt1ie5o56boirvpdtr3ig', '::1', 1568177900, 0x5f5f63695f6c6173745f726567656e65726174657c693a313536383137373930303b),
('glcpq5tluu4e0c3vbov5mcgr6pau91lk', '::1', 1568267811, 0x5f5f63695f6c6173745f726567656e65726174657c693a313536383236373831313b),
('gme3kemho00h2tlu64172cj1rt1uicb2', '::1', 1568262679, 0x5f5f63695f6c6173745f726567656e65726174657c693a313536383236323637393b),
('gn8eclhsae3dija147bf64fd7m3hvfld', '::1', 1568262504, 0x5f5f63695f6c6173745f726567656e65726174657c693a313536383236323530343b),
('gnab77k86vbg71lh4jd1bifscag9pka7', '::1', 1568183130, 0x5f5f63695f6c6173745f726567656e65726174657c693a313536383138333133303b),
('gnloca7blrdj2gn0ooto7sm5qeeuri8j', '::1', 1568183804, 0x5f5f63695f6c6173745f726567656e65726174657c693a313536383138333830343b),
('go354bvmkuj4asa8vdjsl4rf9m0kcigu', '::1', 1568203815, 0x5f5f63695f6c6173745f726567656e65726174657c693a313536383230333831353b),
('gq2rnpeqptg6maa9fc2fr1a5cs3jtt7d', '::1', 1568177884, 0x5f5f63695f6c6173745f726567656e65726174657c693a313536383137373838343b),
('gq8bscmhklci6854kkr2pt7769s0ukuk', '::1', 1568268512, 0x5f5f63695f6c6173745f726567656e65726174657c693a313536383236383531323b),
('griuphha31tbu01f2utu8ecqt9tqsc3q', '::1', 1568204947, 0x5f5f63695f6c6173745f726567656e65726174657c693a313536383230343934373b),
('gtlr2btsbq2vfjq062u57acjuhvj9r9p', '::1', 1568193998, 0x5f5f63695f6c6173745f726567656e65726174657c693a313536383139333939383b),
('gv8l1q8hjq4gg357uc1fd9feb6nti2gd', '::1', 1568201559, 0x5f5f63695f6c6173745f726567656e65726174657c693a313536383230313535393b),
('h125hnh697ikbs85es7knk77n7ainm0j', '::1', 1568262067, 0x5f5f63695f6c6173745f726567656e65726174657c693a313536383236323036373b),
('h3ed9si5e9ongi8al382ke9qbffqorj4', '::1', 1568268060, 0x5f5f63695f6c6173745f726567656e65726174657c693a313536383236383036303b),
('h3r3evdv52dmuve0etnoufff0bu7f0tt', '::1', 1568262377, 0x5f5f63695f6c6173745f726567656e65726174657c693a313536383236323337373b),
('h85c31q9lilesbbk5bdvpask70mpqnvi', '::1', 1568203667, 0x5f5f63695f6c6173745f726567656e65726174657c693a313536383230333636373b),
('hb781fc5hr32gccsqgar2rafgc908tot', '::1', 1568262500, 0x5f5f63695f6c6173745f726567656e65726174657c693a313536383236323530303b),
('hc8s7u23uk1i3e2b2htltjklc28sdsbl', '::1', 1568196749, 0x5f5f63695f6c6173745f726567656e65726174657c693a313536383139363734393b),
('hd3dr154609dcr8dvgrut40fsrt02ckf', '::1', 1568204980, 0x5f5f63695f6c6173745f726567656e65726174657c693a313536383230343938303b),
('hgbfifve5ae7q0dg6qqgp4vt1mba9cmm', '::1', 1568205739, 0x5f5f63695f6c6173745f726567656e65726174657c693a313536383230353733393b),
('hgc4uceomjlnp1fjp3f3i3r5e8ga4nqb', '::1', 1568177221, 0x5f5f63695f6c6173745f726567656e65726174657c693a313536383137373232313b),
('hgf2nfjisbqka9j7n4gqn4ad5c4sp4ad', '::1', 1568203295, 0x5f5f63695f6c6173745f726567656e65726174657c693a313536383230333239353b),
('hgn750ii6d6qhg2f25a25653kshosopi', '::1', 1568201372, 0x5f5f63695f6c6173745f726567656e65726174657c693a313536383230313337323b),
('hh84ah9sl7k2rkjrmns5e7uf8ncsr1ek', '::1', 1568183342, 0x5f5f63695f6c6173745f726567656e65726174657c693a313536383138333334323b),
('hhee7dsl6ahicm8m5vgov3rjsj3n7e5u', '::1', 1568198078, 0x5f5f63695f6c6173745f726567656e65726174657c693a313536383139383037383b),
('hhohp5t1bkk5vehrnn411e1e30rk32rq', '::1', 1568178105, 0x5f5f63695f6c6173745f726567656e65726174657c693a313536383137383130353b),
('hjvpjog3k4ltql1epjdf9g1gni7a70j2', '::1', 1568178040, 0x5f5f63695f6c6173745f726567656e65726174657c693a313536383137383034303b),
('hkaufb8q2lrd5akml6tvuhsm02r80dtf', '::1', 1568205220, 0x5f5f63695f6c6173745f726567656e65726174657c693a313536383230353232303b),
('hlgi6j0n90gvnsrs69qipgm2r713sfpp', '::1', 1568197026, 0x5f5f63695f6c6173745f726567656e65726174657c693a313536383139373032363b),
('hlsnorhd2b5mt3o7cktuoooj4mb80k3h', '::1', 1568193719, 0x5f5f63695f6c6173745f726567656e65726174657c693a313536383139333731393b),
('hn7c91a19sl3q1cdrlame9ojovju8rjf', '::1', 1568177437, 0x5f5f63695f6c6173745f726567656e65726174657c693a313536383137373433373b),
('hohbret04rof477m3e0lqps41pidhcrd', '::1', 1568267798, 0x5f5f63695f6c6173745f726567656e65726174657c693a313536383236373739383b),
('hpl7lu8cnkbob9921mgn3d9n8tfbbi5n', '::1', 1568198028, 0x5f5f63695f6c6173745f726567656e65726174657c693a313536383139383032383b),
('hqbsgc0okgftto4g1bjud3k15l5rptft', '::1', 1568183266, 0x5f5f63695f6c6173745f726567656e65726174657c693a313536383138333236363b),
('hrub211g68o1gee0ablf25i5socikcdt', '::1', 1568197396, 0x5f5f63695f6c6173745f726567656e65726174657c693a313536383139373339363b),
('hvpoi2oom1ps15fmmc8f2q5r5ujmvbkj', '::1', 1568261696, 0x5f5f63695f6c6173745f726567656e65726174657c693a313536383236313639363b),
('i0h2rc8dmoju98u78kkels0kbqv9f2fc', '::1', 1568267966, 0x5f5f63695f6c6173745f726567656e65726174657c693a313536383236373936363b),
('i1tsdu4k68ruocelc4i7rnu42n375m3o', '::1', 1568198075, 0x5f5f63695f6c6173745f726567656e65726174657c693a313536383139383037353b),
('i2bfcuo4cm76o7mp68nbvpqedf90pfch', '::1', 1568182231, 0x5f5f63695f6c6173745f726567656e65726174657c693a313536383138323233313b),
('i3bo28amrgdr2vcc5qr1iephrlanmsu3', '::1', 1568268060, 0x5f5f63695f6c6173745f726567656e65726174657c693a313536383236383036303b),
('i3csun3eatil2c5v2h4viirejttt9108', '::1', 1568197487, 0x5f5f63695f6c6173745f726567656e65726174657c693a313536383139373438373b),
('i3p17peb14lin0e80dn82k35umg2b9bm', '::1', 1568262874, 0x5f5f63695f6c6173745f726567656e65726174657c693a313536383236323837343b),
('i577t6cp2p6811lf7cfm89rapm091is3', '::1', 1568197295, 0x5f5f63695f6c6173745f726567656e65726174657c693a313536383139373239353b),
('i5qk8sl3mp263p037q05sod9pi3qanm2', '::1', 1568267937, 0x5f5f63695f6c6173745f726567656e65726174657c693a313536383236373933373b),
('i7al6g5ep9fhqar38qbb1b71r9fdj0bp', '::1', 1568204998, 0x5f5f63695f6c6173745f726567656e65726174657c693a313536383230343939383b),
('i7j09urqpvkuj7c2rc2bnamtnmgjm2vk', '::1', 1568267966, 0x5f5f63695f6c6173745f726567656e65726174657c693a313536383236373936363b),
('i7nlqdtknc9nftupott23uuak59vuqi2', '::1', 1568268615, 0x5f5f63695f6c6173745f726567656e65726174657c693a313536383236383631353b),
('i80t6ctumt4osrni1rf1t54vmib9fmvf', '::1', 1568194022, 0x5f5f63695f6c6173745f726567656e65726174657c693a313536383139343032323b),
('i8j2khpcbldval69vjd62onglsdq8nj9', '::1', 1568268750, 0x5f5f63695f6c6173745f726567656e65726174657c693a313536383236383735303b),
('i8ko047028a2n1bdp2j4lv4l1v6avqrr', '::1', 1568197667, 0x5f5f63695f6c6173745f726567656e65726174657c693a313536383139373636373b),
('i8tb1jo6h7l6k2137qh3dtsh930don97', '::1', 1568268424, 0x5f5f63695f6c6173745f726567656e65726174657c693a313536383236383432343b),
('ibc3pkii16uk0qjh27vtfrt80b8nku29', '::1', 1568178303, 0x5f5f63695f6c6173745f726567656e65726174657c693a313536383137383330333b),
('ie4emn1uc9tg6mc71irq4pt9lo838qnc', '::1', 1568271309, 0x5f5f63695f6c6173745f726567656e65726174657c693a313536383237313330393b),
('iedecl0jeebk5s4sa4pepq1go1i0l3t7', '::1', 1568271309, 0x5f5f63695f6c6173745f726567656e65726174657c693a313536383237313330393b),
('iequfs9q412os38n8e85foqe1c9vdfre', '::1', 1568183279, 0x5f5f63695f6c6173745f726567656e65726174657c693a313536383138333237393b),
('infu88it630hjp2fcph18kb09uf8t86g', '::1', 1568198375, 0x5f5f63695f6c6173745f726567656e65726174657c693a313536383139383337353b),
('inkj21gggd2s70d9650ji3ko79tqbkkg', '::1', 1568197025, 0x5f5f63695f6c6173745f726567656e65726174657c693a313536383139373032353b),
('ionmfghlkavbpb6ii0o7dmi367kcbq9p', '::1', 1568203034, 0x5f5f63695f6c6173745f726567656e65726174657c693a313536383230333033343b),
('ipvo2n40uvg1cbcrg9hds6mn5bn3b7cc', '::1', 1568193713, 0x5f5f63695f6c6173745f726567656e65726174657c693a313536383139333731333b),
('isnd5j5pfeo2emm0k5q5j0rjeeqv0v2o', '::1', 1568198206, 0x5f5f63695f6c6173745f726567656e65726174657c693a313536383139383230363b),
('j08e25jcf46vlr82r2umi7cks6c9i1vl', '::1', 1568198390, 0x5f5f63695f6c6173745f726567656e65726174657c693a313536383139383339303b),
('j2argo08beemo5rcip4h03s3les5jvm2', '::1', 1568268734, 0x5f5f63695f6c6173745f726567656e65726174657c693a313536383236383733343b),
('j2iourgct6hdva8rb5e82cad2rspdp2b', '::1', 1568202756, 0x5f5f63695f6c6173745f726567656e65726174657c693a313536383230323735363b),
('j3ten7c3dh5jpd5v6cnol89cehp75ode', '::1', 1568263189, 0x5f5f63695f6c6173745f726567656e65726174657c693a313536383236333138393b),
('j42hgkgfa43rhuaiuhj255i7vo1gq20l', '::1', 1568203965, 0x5f5f63695f6c6173745f726567656e65726174657c693a313536383230333936353b),
('j47vnaqg9rvi21829cku8h31fma2pp7t', '::1', 1568264809, 0x5f5f63695f6c6173745f726567656e65726174657c693a313536383236343830393b),
('j4hfmdj5c5fjf3q70s1ft723ataajv1o', '::1', 1568203791, 0x5f5f63695f6c6173745f726567656e65726174657c693a313536383230333739313b),
('j5t3o12uqqunsnssv5dkhi044g57pogn', '::1', 1568268790, 0x5f5f63695f6c6173745f726567656e65726174657c693a313536383236383739303b),
('j644ub2t2lc73t998a03o6sjlgs6g1vh', '::1', 1568263526, 0x5f5f63695f6c6173745f726567656e65726174657c693a313536383236333532363b),
('j6oa9h69iag5cqi40dtdhr0hq44ciubb', '::1', 1568262305, 0x5f5f63695f6c6173745f726567656e65726174657c693a313536383236323330353b),
('j92mt0d4uctrcbn3qmt2o9j5i279jh18', '::1', 1568267405, 0x5f5f63695f6c6173745f726567656e65726174657c693a313536383236373430353b),
('j955ftf737mol5hi4ufhp3kokk06jmcn', '::1', 1568262982, 0x5f5f63695f6c6173745f726567656e65726174657c693a313536383236323938323b),
('jcmh8i3g8qr0669r2asusnh6imu7drro', '::1', 1568263134, 0x5f5f63695f6c6173745f726567656e65726174657c693a313536383236333133343b),
('jdre6s4mt9rruejbahc89q7sl0jbv4dt', '::1', 1568204623, 0x5f5f63695f6c6173745f726567656e65726174657c693a313536383230343632333b),
('jdtn344n41a8pp1ghksgdu4tng24qb7t', '::1', 1568263189, 0x5f5f63695f6c6173745f726567656e65726174657c693a313536383236333138393b),
('jj0m1ileng6ap6eif1l023gu8g6oivpu', '::1', 1568267758, 0x5f5f63695f6c6173745f726567656e65726174657c693a313536383236373735383b),
('jkg4648fn4hgd01ur5d58ht05c5rvvmm', '::1', 1568264828, 0x5f5f63695f6c6173745f726567656e65726174657c693a313536383236343832383b),
('jl520uubfrk5i1u135erne53hfa901s7', '::1', 1568202998, 0x5f5f63695f6c6173745f726567656e65726174657c693a313536383230323939383b),
('jmc23knpn388bm6o43bhnp4sjqs0jj8j', '::1', 1568262579, 0x5f5f63695f6c6173745f726567656e65726174657c693a313536383236323537393b),
('jnfdjdgg1vo885r1s1ah9c4urmpfcm55', '::1', 1568205087, 0x5f5f63695f6c6173745f726567656e65726174657c693a313536383230353038373b),
('jqft89ts3s973q2ncrjbi4fk4rs1mdsm', '::1', 1568178308, 0x5f5f63695f6c6173745f726567656e65726174657c693a313536383137383330383b),
('jr042483b5r2k5h36f2fndfq7ajo55jq', '::1', 1568263049, 0x5f5f63695f6c6173745f726567656e65726174657c693a313536383236333034393b),
('jsschv4dmkqlenrftp2kltdqd640j65i', '::1', 1568203452, 0x5f5f63695f6c6173745f726567656e65726174657c693a313536383230333435323b),
('jst1m81nrbe4o1ua261u7ifmgffk39ak', '::1', 1568261858, 0x5f5f63695f6c6173745f726567656e65726174657c693a313536383236313835383b),
('jt2iekc0igeaflsvta39n1s6nrfnuo97', '::1', 1568182025, 0x5f5f63695f6c6173745f726567656e65726174657c693a313536383138323032353b),
('jt9d1db22bdiog4aalv3drolr6t9edp7', '::1', 1568196817, 0x5f5f63695f6c6173745f726567656e65726174657c693a313536383139363831373b),
('juqs9ighgrugsvj8oerckpme9ott2d64', '::1', 1568271168, 0x5f5f63695f6c6173745f726567656e65726174657c693a313536383237313136383b),
('k0teu8r6ed1ao65kpmnhkhdst52cn5u8', '::1', 1568183469, 0x5f5f63695f6c6173745f726567656e65726174657c693a313536383138333436393b),
('k4e556681jdelf4c19tm5jkjc6bc6gni', '::1', 1568201649, 0x5f5f63695f6c6173745f726567656e65726174657c693a313536383230313634393b),
('k5sqomnme11pnjalhg48b2s8iea051fq', '::1', 1568263335, 0x5f5f63695f6c6173745f726567656e65726174657c693a313536383236333333353b),
('k7f86erfpivvnsljqmev97479v4rjkg0', '::1', 1568197681, 0x5f5f63695f6c6173745f726567656e65726174657c693a313536383139373638313b),
('k7m7hgh6q5f92e8dp95aatipmp75ivn4', '::1', 1568262536, 0x5f5f63695f6c6173745f726567656e65726174657c693a313536383236323533363b),
('k986363r83591g0dmqnuvhgr41ij7k3q', '::1', 1568263431, 0x5f5f63695f6c6173745f726567656e65726174657c693a313536383236333433313b),
('kbra2d72g00qa8n9lk0297h2su4nmknl', '::1', 1568183279, 0x5f5f63695f6c6173745f726567656e65726174657c693a313536383138333237393b),
('kc3b5nhbn2ofemo64ja0j4lg4bqgaodr', '::1', 1568193730, 0x5f5f63695f6c6173745f726567656e65726174657c693a313536383139333733303b),
('kd7pfh56oa0ksbfiv6gnj4tdqn74d45a', '::1', 1568177191, 0x5f5f63695f6c6173745f726567656e65726174657c693a313536383137373139313b),
('kihfumt7752n0l3uqkgbn6qn5cfdakus', '::1', 1568204852, 0x5f5f63695f6c6173745f726567656e65726174657c693a313536383230343835323b),
('kitndsl8n1n618vl7ufdjek21il4inci', '::1', 1568193844, 0x5f5f63695f6c6173745f726567656e65726174657c693a313536383139333834343b),
('km2i3ilt828qc39j7gi0kh5u9o66qdob', '::1', 1568193739, 0x5f5f63695f6c6173745f726567656e65726174657c693a313536383139333733393b),
('kml1j8bdoskjgfgmeuqhurp6901quo8t', '::1', 1568193953, 0x5f5f63695f6c6173745f726567656e65726174657c693a313536383139333935333b),
('kn6iimq6qtd0858vujig2npahb2k6jp1', '::1', 1568193674, 0x5f5f63695f6c6173745f726567656e65726174657c693a313536383139333637343b),
('kncneeqkuk08l7q8ljlmo4d34d743c3u', '::1', 1568201800, 0x5f5f63695f6c6173745f726567656e65726174657c693a313536383230313739393b),
('knm0m6cmuk9f7h4gcctq7me9fmaiilpm', '::1', 1568194078, 0x5f5f63695f6c6173745f726567656e65726174657c693a313536383139343037383b),
('kq6f4ionc62floulai60uj204htb8qpm', '::1', 1568262369, 0x5f5f63695f6c6173745f726567656e65726174657c693a313536383236323336393b),
('krd516k6aped7h9q7vcfitmvh0m2o81s', '::1', 1568198777, 0x5f5f63695f6c6173745f726567656e65726174657c693a313536383139383737373b),
('krttaimde05k66h8c2pf8ld0joo7tpuv', '::1', 1568203243, 0x5f5f63695f6c6173745f726567656e65726174657c693a313536383230333234333b),
('ktp10ipgv7kpp3pb0bsa6vrp52t99ium', '::1', 1568262147, 0x5f5f63695f6c6173745f726567656e65726174657c693a313536383236323134373b),
('kv0jovkcdbg5nqf16pl4kj5eifsuh8e8', '::1', 1568178040, 0x5f5f63695f6c6173745f726567656e65726174657c693a313536383137383034303b),
('l0pocmrchf5u8tf0j25f9rs36dblelb5', '::1', 1568270730, 0x5f5f63695f6c6173745f726567656e65726174657c693a313536383237303733303b),
('l1nrgh7l92041eq5484j5r2pu6aqok4d', '::1', 1568264578, 0x5f5f63695f6c6173745f726567656e65726174657c693a313536383236343537383b),
('l476hk4j99l3q69vm0kqa2sgs11rgq3n', '::1', 1568197003, 0x5f5f63695f6c6173745f726567656e65726174657c693a313536383139373030333b),
('l59vdrbmhcgrt9d3465sd3pp1347cukt', '::1', 1568196741, 0x5f5f63695f6c6173745f726567656e65726174657c693a313536383139363734313b),
('l5ilv5cgqpdhf14v2n9iodqk4lagkcc8', '::1', 1568202605, 0x5f5f63695f6c6173745f726567656e65726174657c693a313536383230323630353b),
('l65ajnnefmevl9vekqssl95v5nko02pj', '::1', 1568178095, 0x5f5f63695f6c6173745f726567656e65726174657c693a313536383137383039353b),
('l6i22gj8h30rv6ekamhsc9ga79aauqqf', '::1', 1568264814, 0x5f5f63695f6c6173745f726567656e65726174657c693a313536383236343831343b),
('l6uiouhf04i2l9keb4ig9ej2hjt3flh9', '::1', 1568262549, 0x5f5f63695f6c6173745f726567656e65726174657c693a313536383236323534393b),
('l978r2pfql5fc8t45ainnhv936jg2dgh', '::1', 1568205151, 0x5f5f63695f6c6173745f726567656e65726174657c693a313536383230353135313b),
('l9fha0g378mponjtlql1r14k14k4uo84', '::1', 1568178053, 0x5f5f63695f6c6173745f726567656e65726174657c693a313536383137383035333b),
('lag6g8uv88v4hof2dp3bgo67ajen8pl0', '::1', 1568205739, 0x5f5f63695f6c6173745f726567656e65726174657c693a313536383230353733393b),
('lapttp1i9hlf68fl76rsvhgoe508teb5', '::1', 1568262732, 0x5f5f63695f6c6173745f726567656e65726174657c693a313536383236323733323b),
('lb3ts6q9187j39g3rv5o1cgocrpar4rc', '::1', 1568262798, 0x5f5f63695f6c6173745f726567656e65726174657c693a313536383236323739383b),
('lfa0bl6ttucq6l14sqd5hli3a7rmra55', '::1', 1568262549, 0x5f5f63695f6c6173745f726567656e65726174657c693a313536383236323534393b),
('lg5vj1furlu70ralojm3249h0ji2tq24', '::1', 1568203624, 0x5f5f63695f6c6173745f726567656e65726174657c693a313536383230333632343b),
('li8510jg8e31cmuf5r7gb6ubfj6k2vn1', '::1', 1568263199, 0x5f5f63695f6c6173745f726567656e65726174657c693a313536383236333139393b),
('lilttpoklkpkfl4gevqacrpmok4og9o8', '::1', 1568263172, 0x5f5f63695f6c6173745f726567656e65726174657c693a313536383236333137323b),
('ljoodauhs5ioufkbututikcg375l6dhm', '::1', 1568264809, 0x5f5f63695f6c6173745f726567656e65726174657c693a313536383236343830393b),
('lk18413hqdjisrrjuu5ghotk9d7sisek', '::1', 1568262715, 0x5f5f63695f6c6173745f726567656e65726174657c693a313536383236323731353b),
('loi2is54n119r58o15jsrg2t08qsepbb', '::1', 1568194082, 0x5f5f63695f6c6173745f726567656e65726174657c693a313536383139343038323b),
('lpeg8f701o4hjhp5070eokg5ov5t85jk', '::1', 1568205589, 0x5f5f63695f6c6173745f726567656e65726174657c693a313536383230353538393b),
('lpu326dveb0q5nkejuvpk5tvquv9skk2', '::1', 1568267811, 0x5f5f63695f6c6173745f726567656e65726174657c693a313536383236373831313b),
('lqblnj4bekhokuqqn5qm7mqfcuqu3uv3', '::1', 1568203193, 0x5f5f63695f6c6173745f726567656e65726174657c693a313536383230333139333b),
('lsmc5g7a90dhrkhoe42ja9b5qf6v2dtv', '::1', 1568193858, 0x5f5f63695f6c6173745f726567656e65726174657c693a313536383139333835383b),
('lt2l9nsck4gefplrr27f0f1af4b1i87l', '::1', 1568183141, 0x5f5f63695f6c6173745f726567656e65726174657c693a313536383138333134313b),
('lunaout06eq4h1ocjuk4v228loirtg02', '::1', 1568268760, 0x5f5f63695f6c6173745f726567656e65726174657c693a313536383236383736303b),
('lv2lirjrrm9rb0rbm6s1pnnmm6tjcnuj', '::1', 1568197962, 0x5f5f63695f6c6173745f726567656e65726174657c693a313536383139373936323b),
('m16rcik6bjr0viq6mvg2n40c40o3f1ln', '::1', 1568197002, 0x5f5f63695f6c6173745f726567656e65726174657c693a313536383139373030323b),
('m394175ipeh5rsbjndt3acr4nkdlarob', '::1', 1568263185, 0x5f5f63695f6c6173745f726567656e65726174657c693a313536383236333138353b),
('m4ip43i6todh3a6c9mfpltbbqlb1ov1d', '::1', 1568193980, 0x5f5f63695f6c6173745f726567656e65726174657c693a313536383139333938303b),
('m67bap6s1ikcgo95s0hcrtqabh4g8a7k', '::1', 1568197330, 0x5f5f63695f6c6173745f726567656e65726174657c693a313536383139373333303b),
('m6nak01ura16kemj68hkr0haoad6rb27', '::1', 1568268024, 0x5f5f63695f6c6173745f726567656e65726174657c693a313536383236383032343b),
('ma74sp5rpbo271i10ntpuke17vbplenm', '::1', 1568271227, 0x5f5f63695f6c6173745f726567656e65726174657c693a313536383237313232373b),
('magqj91kitdptgb9qd7bf4pf7a3supf8', '::1', 1568262521, 0x5f5f63695f6c6173745f726567656e65726174657c693a313536383236323532313b),
('mc3ht1epq6hdkbatscr9k7i9f4geok2k', '::1', 1568267939, 0x5f5f63695f6c6173745f726567656e65726174657c693a313536383236373933393b),
('mcjk85d763io0kn2dd2prc597p0mf1cv', '::1', 1568262632, 0x5f5f63695f6c6173745f726567656e65726174657c693a313536383236323633323b),
('mcon7kvvet1sp54f2lhjvp6ml4sa35pi', '::1', 1568262521, 0x5f5f63695f6c6173745f726567656e65726174657c693a313536383236323532313b),
('md43529h615kso8e5utv7ovn9s5b5aof', '::1', 1568267636, 0x5f5f63695f6c6173745f726567656e65726174657c693a313536383236373633363b),
('md64vt5kgr2uckaitfevcs1ghle28jss', '::1', 1568183141, 0x5f5f63695f6c6173745f726567656e65726174657c693a313536383138333134313b),
('mdn52u05pa7betldbdd7suahs9fb59bs', '::1', 1568197103, 0x5f5f63695f6c6173745f726567656e65726174657c693a313536383139373130333b),
('mf3losps127bi37qnobboakihvfuf6ij', '::1', 1568183487, 0x5f5f63695f6c6173745f726567656e65726174657c693a313536383138333438373b),
('mfvhh998jpbuoihs85atpopmr7ani4fq', '::1', 1568197777, 0x5f5f63695f6c6173745f726567656e65726174657c693a313536383139373737373b),
('mga1ekb0baanp069h3pkurjq7iggarq8', '::1', 1568270730, 0x5f5f63695f6c6173745f726567656e65726174657c693a313536383237303733303b),
('mhchjhg57a2usdcfu9qu02pq581uja25', '::1', 1568205710, 0x5f5f63695f6c6173745f726567656e65726174657c693a313536383230353731303b),
('mil3v6pcma3dgc577rtu1hmr866d1b98', '::1', 1568193735, 0x5f5f63695f6c6173745f726567656e65726174657c693a313536383139333733353b),
('mio54k9oc0t8ajk8un9uep7hujei4onb', '::1', 1568177429, 0x5f5f63695f6c6173745f726567656e65726174657c693a313536383137373432393b),
('mispoi029a8albbo360strjdficnsj0d', '::1', 1568203386, 0x5f5f63695f6c6173745f726567656e65726174657c693a313536383230333338363b),
('mitp9dt47cofkpmndsqb03kn3coe5e87', '::1', 1568202572, 0x5f5f63695f6c6173745f726567656e65726174657c693a313536383230323537323b),
('mj13huvjeli1snmrs2tolacnjh1t3pnt', '::1', 1568194153, 0x5f5f63695f6c6173745f726567656e65726174657c693a313536383139343135333b),
('mjhd40de0ovr84il0tkfr45iopqno12m', '::1', 1568177377, 0x5f5f63695f6c6173745f726567656e65726174657c693a313536383137373337373b),
('mkvipjf6dout4dnaf34a7idhn6tb835a', '::1', 1568178095, 0x5f5f63695f6c6173745f726567656e65726174657c693a313536383137383039353b),
('mngj8uo5vjpece37vfd8tdki02nd02o6', '::1', 1568199421, 0x5f5f63695f6c6173745f726567656e65726174657c693a313536383139393234373b757365725f6e616d657c733a353a2261646d696e223b757365725f69647c733a313a2232223b7365635f66696c655f696e666f7c613a303a7b7d706f72745f66696c655f696e666f7c613a323a7b733a31333a226f726967696e616c5f6e616d65223b733a353a226a2e6a7067223b733a383a226e65775f6e616d65223b733a31373a22706d5f313536383139393431312e6a7067223b7d),
('mnqho97nf6pr4seotn2fvn0s85qqlhnd', '::1', 1568262563, 0x5f5f63695f6c6173745f726567656e65726174657c693a313536383236323536333b),
('moejjb3i4nh8cm5hvca78sjrqmeomlkg', '::1', 1568178303, 0x5f5f63695f6c6173745f726567656e65726174657c693a313536383137383330333b),
('mpjjj55834lahnbfu0oc0630qkibnoa6', '::1', 1568271227, 0x5f5f63695f6c6173745f726567656e65726174657c693a313536383237313232373b),
('mq25nrq7klh77qqnmairfjhfporn7m7v', '::1', 1568268424, 0x5f5f63695f6c6173745f726567656e65726174657c693a313536383236383432343b),
('mq7t52femg3j1j3jpq9f6c7vrbnko8g8', '::1', 1568183262, 0x5f5f63695f6c6173745f726567656e65726174657c693a313536383138333236323b),
('mqkurpq1opno13bkejkk70de3ucu5uc1', '::1', 1568263044, 0x5f5f63695f6c6173745f726567656e65726174657c693a313536383236333034343b),
('mrkguk6m3p7em94bne64m5tdqfl75g1b', '::1', 1568183520, 0x5f5f63695f6c6173745f726567656e65726174657c693a313536383138333532303b),
('mrssg8i7ujq6tttqgqgj96esj8sjets2', '::1', 1568177859, 0x5f5f63695f6c6173745f726567656e65726174657c693a313536383137373835393b),
('mv0rh5equlccd5a8a8rc2utlregtip94', '::1', 1568205103, 0x5f5f63695f6c6173745f726567656e65726174657c693a313536383230353130333b),
('mvfmidifp6fcdi7kh7fb93gur2mujer1', '::1', 1568177631, 0x5f5f63695f6c6173745f726567656e65726174657c693a313536383137373633313b),
('mvnq4djsf33u7221bb5205b110b8e3ab', '::1', 1568197477, 0x5f5f63695f6c6173745f726567656e65726174657c693a313536383139373437373b),
('n1q9t01dpfog1hv23tnqigpbbcu7il4c', '::1', 1568204909, 0x5f5f63695f6c6173745f726567656e65726174657c693a313536383230343930393b),
('n395vmcgmu962a1igdv2hbf9q9sfef8f', '::1', 1568262422, 0x5f5f63695f6c6173745f726567656e65726174657c693a313536383236323432323b),
('n7skqhq3oltt7lq6c7m8jnoge4os49av', '::1', 1568268466, 0x5f5f63695f6c6173745f726567656e65726174657c693a313536383236383436363b),
('na0uu71rm43jr8ensl40iknglp3t0io9', '::1', 1568262798, 0x5f5f63695f6c6173745f726567656e65726174657c693a313536383236323739383b),
('naedfb7u9snt4fb0mtpi2441t2iv8ftf', '::1', 1568185308, 0x5f5f63695f6c6173745f726567656e65726174657c693a313536383138353330383b),
('naj1539uvjqbk1quf7elj646tlk0iqef', '::1', 1568262598, 0x5f5f63695f6c6173745f726567656e65726174657c693a313536383236323539383b),
('namf1sd96kt0lo95kgmufg9411sjn18b', '::1', 1568267885, 0x5f5f63695f6c6173745f726567656e65726174657c693a313536383236373838353b),
('nb7d92qqnit3a5vm7cm9q0pu14977i4n', '::1', 1568261928, 0x5f5f63695f6c6173745f726567656e65726174657c693a313536383236313932383b),
('nfp7fgp1o2ufn33p46mo7f21f0g01c69', '::1', 1568205584, 0x5f5f63695f6c6173745f726567656e65726174657c693a313536383230353538343b),
('ng3eup1iv0blk4s1mfvs0t8apfnusk55', '::1', 1568196996, 0x5f5f63695f6c6173745f726567656e65726174657c693a313536383139363939363b),
('niobmlqof8lmbmh5j0euuuja7dih6l9t', '::1', 1568205038, 0x5f5f63695f6c6173745f726567656e65726174657c693a313536383230353033383b),
('nj33vss6utbssu8e2qjeudsb2sqq57le', '::1', 1568178251, 0x5f5f63695f6c6173745f726567656e65726174657c693a313536383137383235313b),
('nl2h1lsi00jchi7rck0ssfk5gu7cc933', '::1', 1568204962, 0x5f5f63695f6c6173745f726567656e65726174657c693a313536383230343936323b),
('nlleqc2m2bidfeigm1n0modbe9n43l1l', '::1', 1568203443, 0x5f5f63695f6c6173745f726567656e65726174657c693a313536383230333434333b),
('nmsthsusqk63d2j326oup9l653nn12mi', '::1', 1568262637, 0x5f5f63695f6c6173745f726567656e65726174657c693a313536383236323633373b),
('nov3gvfbpild22uv5u12e7bm0c6glmq9', '::1', 1568262178, 0x5f5f63695f6c6173745f726567656e65726174657c693a313536383236323137383b),
('nrprbs6q577ssa5ib9q89bfo8sk88nr9', '::1', 1568198965, 0x5f5f63695f6c6173745f726567656e65726174657c693a313536383139383936353b),
('nsn94p01nk2smjbb9ds2h00cqptu6eu3', '::1', 1568199440, 0x5f5f63695f6c6173745f726567656e65726174657c693a313536383139393434303b),
('nt9845qeogc2q1dqc6jci39h9aiqv48k', '::1', 1568203038, 0x5f5f63695f6c6173745f726567656e65726174657c693a313536383230333033383b),
('nu956l087dqhdtpuohvd6ppuo9i8olmr', '::1', 1568199177, 0x5f5f63695f6c6173745f726567656e65726174657c693a313536383139393137373b),
('nukb43ukg4ikc66gi8nkbboqenuktafk', '::1', 1568194113, 0x5f5f63695f6c6173745f726567656e65726174657c693a313536383139343131333b),
('nvagvd1l10sgnvpn8mhpcs5eqvk2ub3e', '::1', 1568203280, 0x5f5f63695f6c6173745f726567656e65726174657c693a313536383230333238303b),
('o3fic7eoc8d9r40sij6evo2hsomk6gai', '::1', 1568199494, 0x5f5f63695f6c6173745f726567656e65726174657c693a313536383139393439343b),
('o3s89g8neq41mkdvtrojvqslhn2k61fp', '::1', 1568262969, 0x5f5f63695f6c6173745f726567656e65726174657c693a313536383236323936393b),
('o52eecurvujlgiullo2qd1j88dfshm8l', '::1', 1568201354, 0x5f5f63695f6c6173745f726567656e65726174657c693a313536383230313335343b),
('o5lkqc2pvt81vper91ljntvb0ofr39kq', '::1', 1568263404, 0x5f5f63695f6c6173745f726567656e65726174657c693a313536383236333430343b),
('o8kaqje29q3nsj1j6m6599phmf58f4ml', '::1', 1568199213, 0x5f5f63695f6c6173745f726567656e65726174657c693a313536383139393231333b),
('o8nmobu2ad2rq53348duf275sv797jsd', '::1', 1568203526, 0x5f5f63695f6c6173745f726567656e65726174657c693a313536383230333532363b),
('oam2dv69qs06iuharp4n1g38tmc4emmd', '::1', 1568267621, 0x5f5f63695f6c6173745f726567656e65726174657c693a313536383236373632313b),
('oaucmtcjjvbvmkhu2hv3kmioq6o9e4hv', '::1', 1568183386, 0x5f5f63695f6c6173745f726567656e65726174657c693a313536383138333338363b),
('obrvjfmlk64nmbtp56tf8156hnvc3e45', '::1', 1568262147, 0x5f5f63695f6c6173745f726567656e65726174657c693a313536383236323134373b),
('oc0m3ftkp0t5666aejacocl82brfq8o3', '::1', 1568194075, 0x5f5f63695f6c6173745f726567656e65726174657c693a313536383139343037353b),
('oeqq4ha32nc89phu39qiu7uba1lnd46p', '::1', 1568198598, 0x5f5f63695f6c6173745f726567656e65726174657c693a313536383139383539383b),
('oj0fs5ivk80kcpckt4ktrmlk7gqfjb6h', '::1', 1568262067, 0x5f5f63695f6c6173745f726567656e65726174657c693a313536383236323036373b),
('ojhckaeuik48nuuqcu371mm1nfu2ok7j', '::1', 1568178301, 0x5f5f63695f6c6173745f726567656e65726174657c693a313536383137383330313b),
('ojidhsfmlgpilmia0kviq0baujj16ati', '::1', 1568183266, 0x5f5f63695f6c6173745f726567656e65726174657c693a313536383138333236363b),
('olsmc0hlri19j6fng5g2em4qsr5u96kj', '::1', 1568177423, 0x5f5f63695f6c6173745f726567656e65726174657c693a313536383137373432333b),
('om0mo1rga9kisvijf7lqvk37k7bhf5jm', '::1', 1568262579, 0x5f5f63695f6c6173745f726567656e65726174657c693a313536383236323537393b),
('omluclai0ff3vna14q456foajiv72h37', '::1', 1568262521, 0x5f5f63695f6c6173745f726567656e65726174657c693a313536383236323532313b),
('omv5pb6uapk2r05mvr4efm9cpf8dlnc2', '::1', 1568267594, 0x5f5f63695f6c6173745f726567656e65726174657c693a313536383236373539343b),
('oorg505ruk49tf5dbm887bj0alht55e9', '::1', 1568177900, 0x5f5f63695f6c6173745f726567656e65726174657c693a313536383137373930303b),
('osvammd2dtj6iqrcalj0l2boge02hu8c', '::1', 1568203587, 0x5f5f63695f6c6173745f726567656e65726174657c693a313536383230333538373b),
('ouqjd0fgnotpjjdnh4elf4ddfphu6and', '::1', 1568193823, 0x5f5f63695f6c6173745f726567656e65726174657c693a313536383139333832333b),
('ov05lcmh5ql986je686jaguqthlv6abq', '::1', 1568264578, 0x5f5f63695f6c6173745f726567656e65726174657c693a313536383236343537383b),
('ov86gk7suci9733ra8imcm9hrrs4pvsu', '::1', 1568262671, 0x5f5f63695f6c6173745f726567656e65726174657c693a313536383236323637313b),
('ovb0bsg30aer17l48sbs8gca3qm5g7k4', '::1', 1568194145, 0x5f5f63695f6c6173745f726567656e65726174657c693a313536383139343134353b),
('p0rcrci2k5g9okq3pqu0a672sr8sgtvn', '::1', 1568263504, 0x5f5f63695f6c6173745f726567656e65726174657c693a313536383236333530343b),
('p3i3r6shb95e1ir438l59k52f28l9n6v', '::1', 1568261902, 0x5f5f63695f6c6173745f726567656e65726174657c693a313536383236313930323b),
('p4ahobktajfi0r5sj8mbk9pt4abantfn', '::1', 1568268227, 0x5f5f63695f6c6173745f726567656e65726174657c693a313536383236383232373b),
('p64rpgi9ncprhbf0kb2qs27d87gr0esn', '::1', 1568199218, 0x5f5f63695f6c6173745f726567656e65726174657c693a313536383139393231383b),
('p67b5qonbn246li8toqab5kehjgr98rn', '::1', 1568262989, 0x5f5f63695f6c6173745f726567656e65726174657c693a313536383236323938393b),
('p7r67v9e49fhnbbsvp821pv1mk44o51i', '::1', 1568262951, 0x5f5f63695f6c6173745f726567656e65726174657c693a313536383236323935313b),
('p7rlum1892tqsne2d4a34ejkmp1qt8nv', '::1', 1568203249, 0x5f5f63695f6c6173745f726567656e65726174657c693a313536383230333234393b),
('p882tq20jk590ujbe9rk2q8855oqvik4', '::1', 1568261979, 0x5f5f63695f6c6173745f726567656e65726174657c693a313536383236313937393b),
('p8hvrfkm76v5pgq68g1qql98gaatacbm', '::1', 1568204980, 0x5f5f63695f6c6173745f726567656e65726174657c693a313536383230343938303b),
('pdi5rlk2isse83u0vgsb966l7fvtc85i', '::1', 1568181937, 0x5f5f63695f6c6173745f726567656e65726174657c693a313536383138313933373b),
('pe71rqeaj2alc582elif0198qo9fftcn', '::1', 1568196270, 0x5f5f63695f6c6173745f726567656e65726174657c693a313536383139363237303b),
('pgko86septj5au2v1q8gqq2dic0fsesi', '::1', 1568183513, 0x5f5f63695f6c6173745f726567656e65726174657c693a313536383138333531333b),
('phq6em2qmh8u91o5khltih50d2tap116', '::1', 1568262504, 0x5f5f63695f6c6173745f726567656e65726174657c693a313536383236323530343b),
('pjfom58cu88g1t4tg7he18bdouupd24o', '::1', 1568194136, 0x5f5f63695f6c6173745f726567656e65726174657c693a313536383139343133363b),
('pm9uhghat63b6kc538gj2ub1dlif7q07', '::1', 1568267932, 0x5f5f63695f6c6173745f726567656e65726174657c693a313536383236373933323b),
('pnrq4lsfjmb86hgqikunauqf69jllohf', '::1', 1568203386, 0x5f5f63695f6c6173745f726567656e65726174657c693a313536383230333338363b),
('pp32lre6kok7fnq1ocaofs6r36csnjpr', '::1', 1568262974, 0x5f5f63695f6c6173745f726567656e65726174657c693a313536383236323937343b),
('pp9oe28t9jud0l0fne3efaerknv8c6rc', '::1', 1568197951, 0x5f5f63695f6c6173745f726567656e65726174657c693a313536383139373935313b),
('psad77a35hqrriq50fkfjtr2433p2kkn', '::1', 1568268724, 0x5f5f63695f6c6173745f726567656e65726174657c693a313536383236383732343b),
('pt3au6f1vitqujjieulvciargkosrrqq', '::1', 1568267537, 0x5f5f63695f6c6173745f726567656e65726174657c693a313536383236373533373b),
('ptf6cj56p68doidc2albsfjd6qh5639d', '::1', 1568205053, 0x5f5f63695f6c6173745f726567656e65726174657c693a313536383230353035333b),
('pv7er2enhqmeq6nch8opu1phrsh2aphn', '::1', 1568203509, 0x5f5f63695f6c6173745f726567656e65726174657c693a313536383230333530393b),
('pveed2asv4a3gg0h4rljlv9esbf7erjq', '::1', 1568263143, 0x5f5f63695f6c6173745f726567656e65726174657c693a313536383236333134333b),
('pvnc7nid1s098pihor4o3ed3g8dmm473', '::1', 1568201870, 0x5f5f63695f6c6173745f726567656e65726174657c693a313536383230313837303b),
('q0umd8pctbc5h95iscjbdhm0p3rgace7', '::1', 1568197031, 0x5f5f63695f6c6173745f726567656e65726174657c693a313536383139373033313b),
('q17n4rtmt9dm4looj3gtgmdjq3ocf3bq', '::1', 1568185308, 0x5f5f63695f6c6173745f726567656e65726174657c693a313536383138353330383b),
('q1snjtsdl91dthh31rmiv0oluvrb7u70', '::1', 1568263295, 0x5f5f63695f6c6173745f726567656e65726174657c693a313536383236333239353b),
('q2kblvg9gonul8a3fre6fa90jc3tgci2', '::1', 1568197283, 0x5f5f63695f6c6173745f726567656e65726174657c693a313536383139373238333b),
('q7cb50tetjdjgbm88m676d2at5q9qo24', '::1', 1568196846, 0x5f5f63695f6c6173745f726567656e65726174657c693a313536383139363834363b),
('q8735cj1er98cgvvsjptlro4p40s8833', '::1', 1568202966, 0x5f5f63695f6c6173745f726567656e65726174657c693a313536383230323936363b),
('q98l23b2na930a9varctj2b8u2lajhad', '::1', 1568198120, 0x5f5f63695f6c6173745f726567656e65726174657c693a313536383139383132303b),
('q9onneqeaqtfj4vphf9a4f7pmba0r8q0', '::1', 1568262821, 0x5f5f63695f6c6173745f726567656e65726174657c693a313536383236323832313b),
('q9v6o4foie26a3auvu2secnn0f982e3c', '::1', 1568262855, 0x5f5f63695f6c6173745f726567656e65726174657c693a313536383236323835353b),
('qa6d0bjiamdppjg4lushfg819rt95r5n', '::1', 1568183469, 0x5f5f63695f6c6173745f726567656e65726174657c693a313536383138333436393b),
('qb64k88m0f3dkat7ul4tejq16eko7s4j', '::1', 1568268724, 0x5f5f63695f6c6173745f726567656e65726174657c693a313536383236383732343b),
('qcpmiti5h5cd33m1g5p9oo4ais7s5enl', '::1', 1568196861, 0x5f5f63695f6c6173745f726567656e65726174657c693a313536383139363836313b),
('qe9vd9nlpvf6ubd8k40q744kc4h07s2d', '::1', 1568197364, 0x5f5f63695f6c6173745f726567656e65726174657c693a313536383139373336343b),
('qeqve3e1b12j6et5bivpv3bleogdtav9', '::1', 1568262178, 0x5f5f63695f6c6173745f726567656e65726174657c693a313536383236323137383b),
('qfvg87ui6004r53er2h4hjupqjq1fdu2', '::1', 1568262439, 0x5f5f63695f6c6173745f726567656e65726174657c693a313536383236323433393b),
('qh9tu96274elll7oqtl69ruqesnqmiku', '::1', 1568261960, 0x5f5f63695f6c6173745f726567656e65726174657c693a313536383236313936303b),
('qlnpeosfhg6eths079ov6qcrgcb8tc69', '::1', 1568267599, 0x5f5f63695f6c6173745f726567656e65726174657c693a313536383236373539393b),
('qmb6pe39tnp098jn9kam7f5me5a6h2bj', '::1', 1568262331, 0x5f5f63695f6c6173745f726567656e65726174657c693a313536383236323333313b),
('qo877o8u2720hlo1hcchnnpgsfl7msod', '::1', 1568267628, 0x5f5f63695f6c6173745f726567656e65726174657c693a313536383236373632383b),
('qo9t58l4jifvi5b3v609p4qa0329ormq', '::1', 1568178082, 0x5f5f63695f6c6173745f726567656e65726174657c693a313536383137383038323b),
('qogo5gficq40nrgebjmnv4crth769uum', '::1', 1568205254, 0x5f5f63695f6c6173745f726567656e65726174657c693a313536383230353235343b),
('qopc4m6jic9d006pal3dom19dtk9jgsm', '::1', 1568183244, 0x5f5f63695f6c6173745f726567656e65726174657c693a313536383138333234343b),
('qpifgkr1nmn5ig0vf5thh8jdjfj8hi9b', '::1', 1568203280, 0x5f5f63695f6c6173745f726567656e65726174657c693a313536383230333238303b),
('qqjsfijv50m0rlvjatlji5o0aej7kmlh', '::1', 1568268828, 0x5f5f63695f6c6173745f726567656e65726174657c693a313536383236383832383b),
('qr6u7kbregpkt6u441gm1spf5j7dtql3', '::1', 1568262610, 0x5f5f63695f6c6173745f726567656e65726174657c693a313536383236323631303b),
('qrp9c0pur2kep9tt3mgsl4opedodagen', '::1', 1568198331, 0x5f5f63695f6c6173745f726567656e65726174657c693a313536383139383333313b),
('qrsmlqtahnp5p9h6trl9f4mgcm832mce', '::1', 1568198299, 0x5f5f63695f6c6173745f726567656e65726174657c693a313536383139383239383b),
('qs8bjmq4li8l8cgshd25st7ufqigf1pr', '::1', 1568262995, 0x5f5f63695f6c6173745f726567656e65726174657c693a313536383236323939353b),
('qsafc7dud9s4hcgkbgef9pba633qu2fv', '::1', 1568262725, 0x5f5f63695f6c6173745f726567656e65726174657c693a313536383236323732353b),
('qsvfibu9isa02couoqdu0m4lcfflaun7', '::1', 1568262331, 0x5f5f63695f6c6173745f726567656e65726174657c693a313536383236323333313b),
('qtad8sb5qff3l5duuqr3j2vu939i694h', '::1', 1568203965, 0x5f5f63695f6c6173745f726567656e65726174657c693a313536383230333936353b),
('quedfru1h5eifh4pkd9trh96k2ri6d6s', '::1', 1568261754, 0x5f5f63695f6c6173745f726567656e65726174657c693a313536383236313735343b),
('qvi47gr6j8vef6b19k6ca8436ukqgtf2', '::1', 1568197159, 0x5f5f63695f6c6173745f726567656e65726174657c693a313536383139373135393b),
('r0aots4335e6hpj2241hss14s807h59n', '::1', 1568267822, 0x5f5f63695f6c6173745f726567656e65726174657c693a313536383236373832323b),
('r1takeblvieciturp9beql27tt82gcp1', '::1', 1568198464, 0x5f5f63695f6c6173745f726567656e65726174657c693a313536383139383436343b),
('r4vh3nu04mklkupb8ltivbt6vfgrufrr', '::1', 1568205220, 0x5f5f63695f6c6173745f726567656e65726174657c693a313536383230353232303b),
('r6ltg91l0tt0mfgkuguq6lns7h4qrebu', '::1', 1568196463, 0x5f5f63695f6c6173745f726567656e65726174657c693a313536383139363436333b),
('r6ufo01dhp8qcogo3hbnj7jh8uk0iphj', '::1', 1568197434, 0x5f5f63695f6c6173745f726567656e65726174657c693a313536383139373433343b),
('r9567pes1alhn23v8g3hc6ana1r3i9cf', '::1', 1568183342, 0x5f5f63695f6c6173745f726567656e65726174657c693a313536383138333334323b),
('r9ekg6o4u1tfs798juc7ctfipvtqmn2u', '::1', 1568268154, 0x5f5f63695f6c6173745f726567656e65726174657c693a313536383236383135343b),
('r9uipnjru6qen2bbqum9gnm6b9cvfjh7', '::1', 1568267639, 0x5f5f63695f6c6173745f726567656e65726174657c693a313536383236373633393b),
('rc0lkso76e55mn8i1omnjakj7ot1r449', '::1', 1568268088, 0x5f5f63695f6c6173745f726567656e65726174657c693a313536383236383038383b),
('re0odmvt7d0q7f1ar1bvlqbhi44pbsf4', '::1', 1568267374, 0x5f5f63695f6c6173745f726567656e65726174657c693a313536383236373337343b),
('re7cvuoc2ha49ed3kco18psnc85qu47o', '::1', 1568196833, 0x5f5f63695f6c6173745f726567656e65726174657c693a313536383139363833333b),
('remjl4e0piarmsn99lariqctcv3uje88', '::1', 1568268512, 0x5f5f63695f6c6173745f726567656e65726174657c693a313536383236383531323b),
('rfsqlbpto6un1qime8lefretu7ud4uc6', '::1', 1568262398, 0x5f5f63695f6c6173745f726567656e65726174657c693a313536383236323339383b),
('rghqlv7gnh9c3noim295vnhedvuenh5f', '::1', 1568194072, 0x5f5f63695f6c6173745f726567656e65726174657c693a313536383139343037323b),
('rgocpirj42qcrpqs3dto0f7k7a5iv9fd', '::1', 1568268642, 0x5f5f63695f6c6173745f726567656e65726174657c693a313536383236383634323b),
('rh371mdkllk2tsht83j8i7p2cnjjjvvq', '::1', 1568261928, 0x5f5f63695f6c6173745f726567656e65726174657c693a313536383236313932383b),
('rhq8n4vbas0p7djgrp8ecj51629r10p7', '::1', 1568197016, 0x5f5f63695f6c6173745f726567656e65726174657c693a313536383139373031363b),
('rhrocuc5g7utkpfvv4mdc34un7vc8r48', '::1', 1568263383, 0x5f5f63695f6c6173745f726567656e65726174657c693a313536383236333338333b),
('ri97t52t391e6n6leavrq5po7gc43glg', '::1', 1568202796, 0x5f5f63695f6c6173745f726567656e65726174657c693a313536383230323739363b),
('riivc7jdr158aeol89vdljpk4b4g3ag9', '::1', 1568198366, 0x5f5f63695f6c6173745f726567656e65726174657c693a313536383139383336363b),
('rjq3ns8hlt5igspjgf93a57pgk002k4f', '::1', 1568183339, 0x5f5f63695f6c6173745f726567656e65726174657c693a313536383138333333393b),
('rjqsqf1sfs7uihpcof44l6d3i17e977n', '::1', 1568204863, 0x5f5f63695f6c6173745f726567656e65726174657c693a313536383230343836333b),
('rl7rf23palnfb5juopmgdom4b9di2v24', '::1', 1568177896, 0x5f5f63695f6c6173745f726567656e65726174657c693a313536383137373839363b),
('rlb66ldf3p1jm986jr9q0tq8llg84nd3', '::1', 1568197427, 0x5f5f63695f6c6173745f726567656e65726174657c693a313536383139373432373b),
('rlkb4osl7tujpfe6h97qvvj4f0nqd945', '::1', 1568198442, 0x5f5f63695f6c6173745f726567656e65726174657c693a313536383139383434323b),
('rm5djm58q1d349g8vmv1fo1q7ec0j7os', '::1', 1568262778, 0x5f5f63695f6c6173745f726567656e65726174657c693a313536383236323737383b),
('roala3l8rctff1g8c9cjg2fuf0shrkj5', '::1', 1568201645, 0x5f5f63695f6c6173745f726567656e65726174657c693a313536383230313634353b),
('rp9nfmt1qoincsvvpjaqmnaec8phj2r8', '::1', 1568178239, 0x5f5f63695f6c6173745f726567656e65726174657c693a313536383137383233393b),
('rpi4nu3gcnk2mfal4nlfq749pu2u5hkl', '::1', 1568263383, 0x5f5f63695f6c6173745f726567656e65726174657c693a313536383236333338333b),
('rplo5t5k48108pm64frk02fnd7j40udn', '::1', 1568267758, 0x5f5f63695f6c6173745f726567656e65726174657c693a313536383236373735383b),
('ruo2dokrnss8ilfa30strm4cp67n63dh', '::1', 1568205011, 0x5f5f63695f6c6173745f726567656e65726174657c693a313536383230353031313b),
('rutf453dei573qtji9v709s8qq5ljnju', '::1', 1568201362, 0x5f5f63695f6c6173745f726567656e65726174657c693a313536383230313336323b),
('rvunc0po5aealk9d8gc7bu0pns792tdt', '::1', 1568267405, 0x5f5f63695f6c6173745f726567656e65726174657c693a313536383236373430353b);
INSERT INTO `ci_sessions` (`id`, `ip_address`, `timestamp`, `data`) VALUES
('s0mivv9t9lq9jchtc6rkqcq33jcju6k2', '::1', 1568178095, 0x5f5f63695f6c6173745f726567656e65726174657c693a313536383137383039353b),
('s1dddkutq9qlimhupaen2vje99nrn2kb', '::1', 1568194129, 0x5f5f63695f6c6173745f726567656e65726174657c693a313536383139343132393b),
('s1nh68r9j1rvnj9nok5nvue85c4ia3lb', '::1', 1568184715, 0x5f5f63695f6c6173745f726567656e65726174657c693a313536383138343731353b),
('s26olvubhl9es0m5b4dp7v06pd20so27', '::1', 1568205240, 0x5f5f63695f6c6173745f726567656e65726174657c693a313536383230353234303b),
('s352rpl217qrc1ngp7v0qompvejrfrk8', '::1', 1568262500, 0x5f5f63695f6c6173745f726567656e65726174657c693a313536383236323530303b),
('s3cp3rssck6l3srsrjkh2orfbgj6k65k', '::1', 1568202616, 0x5f5f63695f6c6173745f726567656e65726174657c693a313536383230323631363b),
('s5hdsl97nkbcm47ukkvhem2a3n2cc43e', '::1', 1568262411, 0x5f5f63695f6c6173745f726567656e65726174657c693a313536383236323431313b),
('s5ntlgia6pm33tuh9euoodud7s3vbjc2', '::1', 1568262671, 0x5f5f63695f6c6173745f726567656e65726174657c693a313536383236323637313b),
('s6vqjr9li9obv2j1qpeb84t7nmsr8enm', '::1', 1568267818, 0x5f5f63695f6c6173745f726567656e65726174657c693a313536383236373831383b),
('s73uj87vmmbqcrb7g33s5ekqbbonchjj', '::1', 1568270926, 0x5f5f63695f6c6173745f726567656e65726174657c693a313536383237303932363b),
('s8up630pte3ht6babmn1lup92nnrtfj6', '::1', 1568262664, 0x5f5f63695f6c6173745f726567656e65726174657c693a313536383236323636343b),
('sc5nufi72p1tdcl9iifu5k2i7opvbdvc', '::1', 1568178251, 0x5f5f63695f6c6173745f726567656e65726174657c693a313536383137383235313b),
('sdnuaoa9528ui00m7f89re0mtq9rrv21', '::1', 1568183205, 0x5f5f63695f6c6173745f726567656e65726174657c693a313536383138333230353b),
('sdpu96b34g62ldjplerhehv0crh9cpa1', '::1', 1568261608, 0x5f5f63695f6c6173745f726567656e65726174657c693a313536383236313630383b),
('sf43a4rdii5c952hfhf079noksuj0801', '::1', 1568198117, 0x5f5f63695f6c6173745f726567656e65726174657c693a313536383139383131373b),
('sh7m3v2odha29mhd62o8kohqmmonk3v1', '::1', 1568267897, 0x5f5f63695f6c6173745f726567656e65726174657c693a313536383236373839373b),
('sigckon9r3v3dbuhfs9ql4a3ui9um04i', '::1', 1568203193, 0x5f5f63695f6c6173745f726567656e65726174657c693a313536383230333139333b),
('sj2s7aivk3lhbn7fan1p08peduhqdd1r', '::1', 1568196806, 0x5f5f63695f6c6173745f726567656e65726174657c693a313536383139363830363b),
('sjrpseplnq945bnek9r3dtsntqgqecjr', '::1', 1568197367, 0x5f5f63695f6c6173745f726567656e65726174657c693a313536383139373336373b),
('sme492hijj5bk9en52lbu3l0kl94hn5h', '::1', 1568262296, 0x5f5f63695f6c6173745f726567656e65726174657c693a313536383236323239363b),
('smtio4iiu29env8l7p7nc2hsq29kkocn', '::1', 1568270840, 0x5f5f63695f6c6173745f726567656e65726174657c693a313536383237303834303b),
('soerqknu0gfcmkbkeg8c24et37qccvi3', '::1', 1568262533, 0x5f5f63695f6c6173745f726567656e65726174657c693a313536383236323533333b),
('spnf0pqu8guaokosn0u94ej00pkodlj4', '::1', 1568197537, 0x5f5f63695f6c6173745f726567656e65726174657c693a313536383139373533373b),
('srsisagajck41lmr6esl7t70vmtlqrgf', '::1', 1568268507, 0x5f5f63695f6c6173745f726567656e65726174657c693a313536383236383530373b),
('sso0bqbuibl5lbbpt9uoi3ggttfsmkfh', '::1', 1568198354, 0x5f5f63695f6c6173745f726567656e65726174657c693a313536383139383335343b),
('ssrf3rtou1kuthtpl6ccip2ehvgv0usl', '::1', 1568178100, 0x5f5f63695f6c6173745f726567656e65726174657c693a313536383137383130303b),
('st8n9dvcasqaffe7lsknprc2gvo1jib5', '::1', 1568177896, 0x5f5f63695f6c6173745f726567656e65726174657c693a313536383137373839363b),
('std3tf6thak68cftnhhfcvlvdg5t1fkd', '::1', 1568204963, 0x5f5f63695f6c6173745f726567656e65726174657c693a313536383230343936323b),
('stqudmlnc91bdto5mir8ju1lqst1fja0', '::1', 1568198722, 0x5f5f63695f6c6173745f726567656e65726174657c693a313536383139383732323b),
('surr8h81mbmsf0ijmp68k45misror70t', '::1', 1568267818, 0x5f5f63695f6c6173745f726567656e65726174657c693a313536383236373831383b),
('t32euetdcvvp2smec9ack80pdmnhq0hm', '::1', 1568197080, 0x5f5f63695f6c6173745f726567656e65726174657c693a313536383139373038303b),
('t4caniprk6k8o732clmckbafvkdri4p9', '::1', 1568197903, 0x5f5f63695f6c6173745f726567656e65726174657c693a313536383139373930333b),
('t4m7paibbbh4ogp1tqr6j7d98hk1fnvk', '::1', 1568198758, 0x5f5f63695f6c6173745f726567656e65726174657c693a313536383139383735383b),
('t7dv5311uno77bvggo6eprusi1d00upu', '::1', 1568203797, 0x5f5f63695f6c6173745f726567656e65726174657c693a313536383230333739373b),
('t8126ccsf5tu46nu12k1eadrtonemid8', '::1', 1568268210, 0x5f5f63695f6c6173745f726567656e65726174657c693a313536383236383231303b),
('t8dihhmmnti507nquhrtj5bbagcudeli', '::1', 1568262964, 0x5f5f63695f6c6173745f726567656e65726174657c693a313536383236323936343b),
('tb7mp9rc118c6tcl5ooc6bo22u6oqdfa', '::1', 1568204905, 0x5f5f63695f6c6173745f726567656e65726174657c693a313536383230343930353b),
('tbjovm3v97lptb6nlm6cphrfvffb3f1a', '::1', 1568198897, 0x5f5f63695f6c6173745f726567656e65726174657c693a313536383139383839373b),
('td8lr4c4pbkl76v00v14mvtrjukkq3nq', '::1', 1568267906, 0x5f5f63695f6c6173745f726567656e65726174657c693a313536383236373930363b),
('tev5e98vt4rrcp1o04o3nt4mvvcaaqgi', '::1', 1568263031, 0x5f5f63695f6c6173745f726567656e65726174657c693a313536383236333033313b),
('tgi1tf0570on5d26vv3p8hj08mcn9jki', '::1', 1568262453, 0x5f5f63695f6c6173745f726567656e65726174657c693a313536383236323435333b),
('tj4nj0m1b9evu3p0cda4gh7kr8rj30cn', '::1', 1568203541, 0x5f5f63695f6c6173745f726567656e65726174657c693a313536383230333534313b),
('tj50gqoags08arb2lce3nj7ldkviv9mb', '::1', 1568267999, 0x5f5f63695f6c6173745f726567656e65726174657c693a313536383236373939393b),
('tjk0o9luqpht8nug4sgh2dg4fcsj5ohg', '::1', 1568178224, 0x5f5f63695f6c6173745f726567656e65726174657c693a313536383137383232343b),
('tjl6un2k15pvfdfh1u2ps15gbvfa07nl', '::1', 1568202796, 0x5f5f63695f6c6173745f726567656e65726174657c693a313536383230323739363b),
('tkl404nm6i94p9rpcpuldgh5hcu5vnid', '::1', 1568182018, 0x5f5f63695f6c6173745f726567656e65726174657c693a313536383138323031383b),
('tl7d02r2atqqa96nfulull036frl2l6p', '::1', 1568183520, 0x5f5f63695f6c6173745f726567656e65726174657c693a313536383138333532303b),
('tlanjhdeqbpje1ssnkv58epmvpl2g01v', '::1', 1568205087, 0x5f5f63695f6c6173745f726567656e65726174657c693a313536383230353038373b),
('tmb1lug8f76e0e2fe16rdibiq2c26lut', '::1', 1568267779, 0x5f5f63695f6c6173745f726567656e65726174657c693a313536383236373737393b),
('tntl894l82ehvp29r3o8srrulh0d46v7', '::1', 1568267639, 0x5f5f63695f6c6173745f726567656e65726174657c693a313536383236373633393b),
('tp029kopcqt10o92olkhr4r7kckgj7mc', '::1', 1568261729, 0x5f5f63695f6c6173745f726567656e65726174657c693a313536383236313732393b),
('tsbppligvrvg0g0l6mg6ijr049m5rog3', '::1', 1568202941, 0x5f5f63695f6c6173745f726567656e65726174657c693a313536383230323934313b),
('tsf3b9oae2ud4005951r47t9785s3pba', '::1', 1568196574, 0x5f5f63695f6c6173745f726567656e65726174657c693a313536383139363537343b),
('tsqtvbbsi35anns752t88udapad86l9t', '::1', 1568270738, 0x5f5f63695f6c6173745f726567656e65726174657c693a313536383237303733383b),
('tti5ufsot2m4jnck5v47kqt89qhl3a74', '::1', 1568270771, 0x5f5f63695f6c6173745f726567656e65726174657c693a313536383237303737313b),
('tv0s3ken5jk8k75qlg317ktkcpp2bam6', '::1', 1568267957, 0x5f5f63695f6c6173745f726567656e65726174657c693a313536383236373935373b),
('tv8eu436hl6r5nstrqcjn630jslvbk8d', '::1', 1568268556, 0x5f5f63695f6c6173745f726567656e65726174657c693a313536383236383535363b),
('tva7t04bm8gs7qhcg92r60dqk9ldfc7r', '::1', 1568203624, 0x5f5f63695f6c6173745f726567656e65726174657c693a313536383230333632343b),
('tvamllf35iffr33vf08dag61jsnirdek', '::1', 1568268771, 0x5f5f63695f6c6173745f726567656e65726174657c693a313536383236383737313b),
('u03ocu3dmh9a2h3vlnakkp40k1q7vvbq', '::1', 1568261979, 0x5f5f63695f6c6173745f726567656e65726174657c693a313536383236313937393b),
('u0ivjl040bc15olu4rhbeamqr4q72evn', '::1', 1568177912, 0x5f5f63695f6c6173745f726567656e65726174657c693a313536383137373931323b),
('u3aifi49gqaprnc9imj60u40lkcbbldi', '::1', 1568263185, 0x5f5f63695f6c6173745f726567656e65726174657c693a313536383236333138353b),
('u7etvv488tj4eov83lp88jupf52mk979', '::1', 1568205417, 0x5f5f63695f6c6173745f726567656e65726174657c693a313536383230353431373b),
('u7io8h7p89rkmmaksgj64q81vq4mdk1m', '::1', 1568194234, 0x5f5f63695f6c6173745f726567656e65726174657c693a313536383139343233343b),
('u7n7crc3a6vhak70acqq7bp2h6p7rpm3', '::1', 1568178053, 0x5f5f63695f6c6173745f726567656e65726174657c693a313536383137383035333b),
('u7u0mikk54qf9esnfn1rsodl2vdtg4fh', '::1', 1568268466, 0x5f5f63695f6c6173745f726567656e65726174657c693a313536383236383436363b),
('u8vbj05oq37vttq6dakrle3gvdnfcf4v', '::1', 1568262369, 0x5f5f63695f6c6173745f726567656e65726174657c693a313536383236323336393b),
('u9ahuo11j5f7dbtl7j32mtifod0faiua', '::1', 1568267934, 0x5f5f63695f6c6173745f726567656e65726174657c693a313536383236373933343b),
('ub4u69v6tumj6jvvo4vuiqobuvlcvf10', '::1', 1568262995, 0x5f5f63695f6c6173745f726567656e65726174657c693a313536383236323939353b),
('ub9ib0hshtiof23i79oke0egdsnkamd7', '::1', 1568202947, 0x5f5f63695f6c6173745f726567656e65726174657c693a313536383230323934373b),
('ucns8patefrg77krig50c9dnequa7mon', '::1', 1568263393, 0x5f5f63695f6c6173745f726567656e65726174657c693a313536383236333339333b),
('udcvqaojhaa5ceg8bh6ij8fddsq3atk8', '::1', 1568267684, 0x5f5f63695f6c6173745f726567656e65726174657c693a313536383236373638343b),
('udgbpu155tddotpeppnler88dpeo9r52', '::1', 1568204843, 0x5f5f63695f6c6173745f726567656e65726174657c693a313536383230343834333b),
('udvnbv45c9j7a519gpk8q7b66gkcerme', '::1', 1568201373, 0x5f5f63695f6c6173745f726567656e65726174657c693a313536383230313337323b),
('uee35cdt0l3hlbpsspv8tb0ror2a04kd', '::1', 1568203509, 0x5f5f63695f6c6173745f726567656e65726174657c693a313536383230333530393b),
('uf3a3llc4ig3p0op6bpdg9nahri1e540', '::1', 1568177999, 0x5f5f63695f6c6173745f726567656e65726174657c693a313536383137373939393b),
('ug2h2vad7lm97l73shsib57aq51thf8f', '::1', 1568178063, 0x5f5f63695f6c6173745f726567656e65726174657c693a313536383137383036333b),
('ugbp1go8p6o0r4apvujeemphjv3d7s88', '::1', 1568268651, 0x5f5f63695f6c6173745f726567656e65726174657c693a313536383236383635313b),
('ui0cprcuskdrkf9jqd2v2hjibcdsndst', '::1', 1568194082, 0x5f5f63695f6c6173745f726567656e65726174657c693a313536383139343038323b),
('ui3ohp0gma30mnbirradklfcoofp1kr4', '::1', 1568263431, 0x5f5f63695f6c6173745f726567656e65726174657c693a313536383236333433313b),
('ulkcl5id1lfql7o0gimccscaf70r0usd', '::1', 1568263149, 0x5f5f63695f6c6173745f726567656e65726174657c693a313536383236333134393b),
('ullikn2ppllbqk6a9rphgu94j0t7i4jg', '::1', 1568262398, 0x5f5f63695f6c6173745f726567656e65726174657c693a313536383236323339383b),
('um0v5ap26af6o12j6gpsgat0d8068os0', '::1', 1568262621, 0x5f5f63695f6c6173745f726567656e65726174657c693a313536383236323632313b),
('uq5namr7jle0s5268enqja9s9j70i17r', '::1', 1568262701, 0x5f5f63695f6c6173745f726567656e65726174657c693a313536383236323730313b),
('uqclc0pcv8vrl69kot8uruoq4eliiq2q', '::1', 1568267633, 0x5f5f63695f6c6173745f726567656e65726174657c693a313536383236373633333b),
('us17r8a37qkrft2l564153qgn7d4cvro', '::1', 1568268615, 0x5f5f63695f6c6173745f726567656e65726174657c693a313536383236383631353b),
('usrkdp77h910ii9tqgqq1pbv88vfp70u', '::1', 1568197909, 0x5f5f63695f6c6173745f726567656e65726174657c693a313536383139373930393b),
('utr2clkcurl7a6e8jgnu4ekhe1r9qvqs', '::1', 1568262679, 0x5f5f63695f6c6173745f726567656e65726174657c693a313536383236323637393b),
('v01sov57mkcb1psmhhjmio5lg16lnpn7', '::1', 1568193911, 0x5f5f63695f6c6173745f726567656e65726174657c693a313536383139333931313b),
('v1cumigu4s5rui7v4jmti2ffov2mvtr0', '::1', 1568267920, 0x5f5f63695f6c6173745f726567656e65726174657c693a313536383236373932303b),
('v1dilqf4uqgkj9fdaj0ie0pnjutmlnsm', '::1', 1568182018, 0x5f5f63695f6c6173745f726567656e65726174657c693a313536383138323031383b),
('v20uapcbku3nf8rcae3n8rvf7rucrco2', '::1', 1568198998, 0x5f5f63695f6c6173745f726567656e65726174657c693a313536383139383939383b),
('v2ujctv4ivd053kqhljtl8u1u66saetj', '::1', 1568262705, 0x5f5f63695f6c6173745f726567656e65726174657c693a313536383236323730353b),
('v5k61uufgr7l1ai6m1qoi2u380bumu1h', '::1', 1568196481, 0x5f5f63695f6c6173745f726567656e65726174657c693a313536383139363438313b),
('v5lu5s27dgomj7vbk7kr39rn55fm18t6', '::1', 1568268750, 0x5f5f63695f6c6173745f726567656e65726174657c693a313536383236383735303b),
('v74u9reqn0jqfb6bj990h3b5gmsap3rh', '::1', 1568262260, 0x5f5f63695f6c6173745f726567656e65726174657c693a313536383236323236303b),
('v8me2q5esei733730tunhcllu4ijjtri', '::1', 1568197064, 0x5f5f63695f6c6173745f726567656e65726174657c693a313536383139373036343b),
('va7v2g76augduckbp3t74jth6mni9vcf', '::1', 1568267798, 0x5f5f63695f6c6173745f726567656e65726174657c693a313536383236373739383b),
('vanmmddrl568hr5nq5jm2tqb8f7mivgb', '::1', 1568268760, 0x5f5f63695f6c6173745f726567656e65726174657c693a313536383236383736303b),
('vd56aqd9gevca6728gshojunhrgu1dol', '::1', 1568268498, 0x5f5f63695f6c6173745f726567656e65726174657c693a313536383236383439383b),
('vepbibctn61mtfavo2fcdaao85d92daj', '::1', 1568268208, 0x5f5f63695f6c6173745f726567656e65726174657c693a313536383236383230383b),
('vg54633c8g9eajj5fgi2992k5frfeuql', '::1', 1568178239, 0x5f5f63695f6c6173745f726567656e65726174657c693a313536383137383233393b),
('vghtshb1fbc731dn72k3m73pa96nea76', '::1', 1568267786, 0x5f5f63695f6c6173745f726567656e65726174657c693a313536383236373738363b),
('vhrfk5309i24kftn1jgddq17111h4lo0', '::1', 1568205053, 0x5f5f63695f6c6173745f726567656e65726174657c693a313536383230353035333b),
('vht9uli970jviljafcanbfhsg3gjj4sc', '::1', 1568199144, 0x5f5f63695f6c6173745f726567656e65726174657c693a313536383139393134343b),
('vj8uli1gqsvqt6fncmro77cf2hh786pe', '::1', 1568268230, 0x5f5f63695f6c6173745f726567656e65726174657c693a313536383236383233303b),
('vl1ucc48971ov87ifpbrfkml8u06qm0s', '::1', 1568202966, 0x5f5f63695f6c6173745f726567656e65726174657c693a313536383230323936363b),
('vlkq356asenjscv6eq719bqen42s6md1', '::1', 1568268543, 0x5f5f63695f6c6173745f726567656e65726174657c693a313536383236383534333b),
('vlmsnhjlrc010ikqmj3erl21rkjivmvh', '::1', 1568178095, 0x5f5f63695f6c6173745f726567656e65726174657c693a313536383137383039353b),
('vmbtg3lhhc0rdp3vrb1losqucndtf58q', '::1', 1568204843, 0x5f5f63695f6c6173745f726567656e65726174657c693a313536383230343834333b),
('vnav6e36ipgnovnjmtlppfbd3ah7qion', '::1', 1568202941, 0x5f5f63695f6c6173745f726567656e65726174657c693a313536383230323934313b),
('vnp4qqlgdq5ieeeu0uor93p7jrgs5d3c', '::1', 1568267418, 0x5f5f63695f6c6173745f726567656e65726174657c693a313536383236373431383b),
('vp55ihjuhtq3vs643bnvaucv6h2o9sah', '::1', 1568197731, 0x5f5f63695f6c6173745f726567656e65726174657c693a313536383139373733313b),
('vpuk3pens2cikmh6evuntd7kqjgflc3r', '::1', 1568198099, 0x5f5f63695f6c6173745f726567656e65726174657c693a313536383139383039393b),
('vsn18907k5738b6espo33viknp9orsgr', '::1', 1568263320, 0x5f5f63695f6c6173745f726567656e65726174657c693a313536383236333332303b),
('vt6479ak1np2nue387ttd5msk2glskp1', '::1', 1568205240, 0x5f5f63695f6c6173745f726567656e65726174657c693a313536383230353234303b),
('vuc7d7ol00p6mkevfva3ai3i160m2duk', '::1', 1568185299, 0x5f5f63695f6c6173745f726567656e65726174657c693a313536383138353239393b),
('vvcmq3a57bnrib0h7vrgqifslan7dp0e', '::1', 1568205196, 0x5f5f63695f6c6173745f726567656e65726174657c693a313536383230353139363b),
('vvlrcv7h81aljbldgt9nh6rjal5021n8', '::1', 1568177329, 0x5f5f63695f6c6173745f726567656e65726174657c693a313536383137373332393b);

-- --------------------------------------------------------

--
-- Table structure for table `clients`
--

CREATE TABLE `clients` (
  `id` int(11) NOT NULL,
  `name` varchar(200) NOT NULL,
  `code` varchar(50) NOT NULL,
  `phone` varchar(100) DEFAULT NULL,
  `website` varchar(250) NOT NULL,
  `logo` varchar(250) DEFAULT NULL,
  `description` longtext NOT NULL,
  `show_hide` int(11) NOT NULL DEFAULT 1 COMMENT '1 = show, 0=hide',
  `created_at` timestamp NOT NULL DEFAULT current_timestamp() ON UPDATE current_timestamp(),
  `updated_at` timestamp NOT NULL DEFAULT '0000-00-00 00:00:00'
) ENGINE=InnoDB DEFAULT CHARSET=latin1;

--
-- Dumping data for table `clients`
--

INSERT INTO `clients` (`id`, `name`, `code`, `phone`, `website`, `logo`, `description`, `show_hide`, `created_at`, `updated_at`) VALUES
(1, 'The Grimps', '', '083883920933', 'www.xyz.com', 'client_1567855506.png', '083883920933', 1, '2019-09-07 11:25:08', '0000-00-00 00:00:00'),
(2, 'Renderfore', '', '01882405639', 'www.xyz.com', 'client_1567855264.jpg', 'client 2', 1, '2019-09-07 11:21:28', '0000-00-00 00:00:00'),
(3, 'BirdsIt', '', '01882405632', 'www.xyz.com', 'client_1567855795.jpg', 'client 3', 1, '2019-09-07 11:30:18', '0000-00-00 00:00:00');

-- --------------------------------------------------------

--
-- Table structure for table `contact_us`
--

CREATE TABLE `contact_us` (
  `id` int(11) NOT NULL,
  `phone` varchar(100) NOT NULL,
  `fax` varchar(200) NOT NULL,
  `email` varchar(250) NOT NULL,
  `location` varchar(255) NOT NULL
) ENGINE=InnoDB DEFAULT CHARSET=latin1;

--
-- Dumping data for table `contact_us`
--

INSERT INTO `contact_us` (`id`, `phone`, `fax`, `email`, `location`) VALUES
(1, '(555) 123-4567 ', '(555) 987-6543', 'contact@company.com', 'Rampura, Bonosree');

-- --------------------------------------------------------

--
-- Table structure for table `headings`
--

CREATE TABLE `headings` (
  `id` int(11) NOT NULL,
  `title` varchar(255) NOT NULL,
  `contents` varchar(255) NOT NULL
) ENGINE=InnoDB DEFAULT CHARSET=latin1;

--
-- Dumping data for table `headings`
--

INSERT INTO `headings` (`id`, `title`, `contents`) VALUES
(1, 'home_div_heading', 'Our Projects'),
(2, 'home_div_subheading', 'We value our clients');

-- --------------------------------------------------------

--
-- Table structure for table `homecoverimage`
--

CREATE TABLE `homecoverimage` (
  `id` int(11) NOT NULL,
  `title` varchar(255) NOT NULL
) ENGINE=InnoDB DEFAULT CHARSET=latin1;

--
-- Dumping data for table `homecoverimage`
--

INSERT INTO `homecoverimage` (`id`, `title`) VALUES
(1, 'https://mk0buildfireqbf86ll2.kinstacdn.com/wp-content/uploads/2017/03/mobile-app-development-tools.jpg'),
(2, 'https://roadmunk.com/blog/wp-content/uploads/2016/03/Featurepriorities-1.png');

-- --------------------------------------------------------

--
-- Table structure for table `portfolio`
--

CREATE TABLE `portfolio` (
  `id` int(11) NOT NULL,
  `title` varchar(255) NOT NULL,
  `website` varchar(250) NOT NULL,
  `description` longtext NOT NULL,
  `technology` longtext NOT NULL,
  `client_id` int(11) DEFAULT NULL,
  `show_hide` int(11) NOT NULL DEFAULT 1 COMMENT '0 = hide, 1=show',
  `created_at` timestamp NOT NULL DEFAULT current_timestamp() ON UPDATE current_timestamp(),
  `updated_at` timestamp NOT NULL DEFAULT '0000-00-00 00:00:00',
  `category_id` int(11) NOT NULL DEFAULT 0
) ENGINE=InnoDB DEFAULT CHARSET=latin1;

--
-- Dumping data for table `portfolio`
--

INSERT INTO `portfolio` (`id`, `title`, `website`, `description`, `technology`, `client_id`, `show_hide`, `created_at`, `updated_at`, `category_id`) VALUES
(7, 'Card Design', 'www.xyz.com', 'Lorem Ipsum is simply dummy text of the printing and typesetting industry. Lorem Ipsum has been the industry\'s standard dummy text ever since the 1500s', 'Abobe PhotoShop', 1, 1, '2019-09-10 10:35:43', '0000-00-00 00:00:00', 3),
(9, 'Mobile App Development', 'www.xyz.com', 'orem Ipsum is simply dummy text of the printing and typesetting industry. Lorem Ipsum has been the industry\'s standard dum', 'Java', 2, 1, '2019-09-10 12:58:32', '0000-00-00 00:00:00', 3);

-- --------------------------------------------------------

--
-- Table structure for table `portfolio_category`
--

CREATE TABLE `portfolio_category` (
  `id` int(11) NOT NULL,
  `name` varchar(255) NOT NULL,
  `slug` varchar(255) NOT NULL,
  `created_at` timestamp NOT NULL DEFAULT current_timestamp() ON UPDATE current_timestamp(),
  `updated_at` timestamp NOT NULL DEFAULT '0000-00-00 00:00:00'
) ENGINE=InnoDB DEFAULT CHARSET=latin1;

--
-- Dumping data for table `portfolio_category`
--

INSERT INTO `portfolio_category` (`id`, `name`, `slug`, `created_at`, `updated_at`) VALUES
(3, 'Mobile App', 'mobile App', '2019-09-07 09:59:24', '0000-00-00 00:00:00'),
(4, 'Website', 'website', '2019-09-07 10:18:38', '0000-00-00 00:00:00');

-- --------------------------------------------------------

--
-- Table structure for table `portfolio_image`
--

CREATE TABLE `portfolio_image` (
  `id` int(11) NOT NULL,
  `portfolio_id` int(11) NOT NULL,
  `image` varchar(200) NOT NULL,
  `type` int(11) NOT NULL COMMENT '1 = main, 0=optional'
) ENGINE=InnoDB DEFAULT CHARSET=latin1;

--
-- Dumping data for table `portfolio_image`
--

INSERT INTO `portfolio_image` (`id`, `portfolio_id`, `image`, `type`) VALUES
(23, 7, 'pm_1568111490.jpg', 1),
(24, 7, 'ps_1568111477.jpg', 0),
(25, 7, 'ps_1568111493.jpg', 0),
(26, 7, 'ps_1568111571.jpg', 0),
(27, 7, 'ps_1568111635.jpg', 0),
(33, 9, 'ps_1568120274.jpg', 0),
(34, 9, 'ps_1568120277.jpg', 0),
(35, 9, 'ps_1568120281.jpg', 0),
(36, 9, 'pm_1568199411.jpg', 1);

-- --------------------------------------------------------

--
-- Table structure for table `profile_image`
--

CREATE TABLE `profile_image` (
  `id` int(11) NOT NULL,
  `user_id` int(11) NOT NULL,
  `image` varchar(200) NOT NULL,
  `created_at` timestamp NOT NULL DEFAULT current_timestamp() ON UPDATE current_timestamp(),
  `updated_at` timestamp NOT NULL DEFAULT '0000-00-00 00:00:00'
) ENGINE=InnoDB DEFAULT CHARSET=latin1;

-- --------------------------------------------------------

--
-- Table structure for table `recaptcha_settings`
--

CREATE TABLE `recaptcha_settings` (
  `id` int(11) NOT NULL,
  `public_key` varchar(200) NOT NULL,
  `secret_key` varchar(200) NOT NULL,
  `created_at` timestamp NOT NULL DEFAULT current_timestamp() ON UPDATE current_timestamp(),
  `updated_at` timestamp NOT NULL DEFAULT '0000-00-00 00:00:00'
) ENGINE=InnoDB DEFAULT CHARSET=latin1;

--
-- Dumping data for table `recaptcha_settings`
--

INSERT INTO `recaptcha_settings` (`id`, `public_key`, `secret_key`, `created_at`, `updated_at`) VALUES
(1, 'jhasfghasdfgsadfdsdfzdsdf122121', 'asjgasdvghsadfvghsadfvghsad', '2019-09-01 06:45:03', '0000-00-00 00:00:00');

-- --------------------------------------------------------

--
-- Table structure for table `testimonial`
--

CREATE TABLE `testimonial` (
  `id` int(11) NOT NULL,
  `name` varchar(255) NOT NULL,
  `details` longtext NOT NULL,
  `status` int(11) DEFAULT 1,
  `date` datetime NOT NULL,
  `image` varchar(255) NOT NULL DEFAULT '1',
  `created_at` timestamp NOT NULL DEFAULT current_timestamp() ON UPDATE current_timestamp(),
  `updated_at` timestamp NOT NULL DEFAULT '0000-00-00 00:00:00'
) ENGINE=InnoDB DEFAULT CHARSET=latin1;

--
-- Dumping data for table `testimonial`
--

INSERT INTO `testimonial` (`id`, `name`, `details`, `status`, `date`, `image`, `created_at`, `updated_at`) VALUES
(3, 'Natasha Das', 'reprehenderit in voluptate velit esse cillum dolore eu fugiat nulla pariatur. Excepteur sint occaecat cupidatat non proident, sunt in culpa qui officia deserunt mollit anim id est laborum.', 1, '2019-09-13 00:00:00', 'pm_1568117700.jpg', '2019-09-10 12:15:10', '0000-00-00 00:00:00'),
(4, 'Naziul Islam', '	reprehenderit in voluptate velit esse cillum dolore eu fugiat nulla pariatur. Excepteur sint occaecat cupidatat non proident, sunt in culpa qui officia deserunt mollit anim id est laborum.	reprehenderit in voluptate velit esse cillum dolore eu fugiat nulla pariatur. Excepteur sint occaecat cupidatat non proident, sunt in culpa qui officia deserunt mollit anim id est laborum.', 1, '2019-09-05 00:00:00', 'pm_1568118749.jpg', '2019-09-10 12:32:31', '0000-00-00 00:00:00'),
(5, 'Donanld Heri', 'Reprehenderit in voluptate velit esse cillum dolore eu fugiat nulla pariatur. Excepteur sint occaecat cupidatat non proident, sunt in culpa qui officia deserunt mollit anim id est laborum.', 1, '2019-09-05 00:00:00', 'pm_1568118782.jpg', '2019-09-10 12:33:23', '0000-00-00 00:00:00');

-- --------------------------------------------------------

--
-- Table structure for table `users`
--

CREATE TABLE `users` (
  `id` int(11) NOT NULL,
  `first_name` varchar(75) NOT NULL,
  `last_name` varchar(100) NOT NULL,
  `username` varchar(100) NOT NULL,
  `email` varchar(250) NOT NULL,
  `password` varchar(100) NOT NULL,
  `type` int(11) NOT NULL DEFAULT 0,
  `verification_code` varchar(200) DEFAULT NULL,
  `status` int(11) DEFAULT 0,
  `created_at` timestamp NOT NULL DEFAULT current_timestamp() ON UPDATE current_timestamp(),
  `updated_at` timestamp NOT NULL DEFAULT '0000-00-00 00:00:00'
) ENGINE=InnoDB DEFAULT CHARSET=latin1;

--
-- Dumping data for table `users`
--

INSERT INTO `users` (`id`, `first_name`, `last_name`, `username`, `email`, `password`, `type`, `verification_code`, `status`, `created_at`, `updated_at`) VALUES
(2, 'Test', 'admin', 'admin', 'admin@gmail.com', 'e10adc3949ba59abbe56e057f20f883e', 1, '', 0, '2019-09-03 04:53:29', '0000-00-00 00:00:00');

-- --------------------------------------------------------

--
-- Table structure for table `user_type`
--

CREATE TABLE `user_type` (
  `id` int(11) NOT NULL,
  `type_name` varchar(200) NOT NULL,
  `created_at` timestamp NOT NULL DEFAULT current_timestamp() ON UPDATE current_timestamp(),
  `updated_at` timestamp NOT NULL DEFAULT '0000-00-00 00:00:00'
) ENGINE=InnoDB DEFAULT CHARSET=latin1;

--
-- Dumping data for table `user_type`
--

INSERT INTO `user_type` (`id`, `type_name`, `created_at`, `updated_at`) VALUES
(1, 'Admin', '2019-08-25 09:01:00', '0000-00-00 00:00:00'),
(2, 'Super Admin', '2019-08-25 09:01:00', '0000-00-00 00:00:00');

--
-- Indexes for dumped tables
--

--
-- Indexes for table `about_us`
--
ALTER TABLE `about_us`
  ADD PRIMARY KEY (`id`);

--
-- Indexes for table `ci_sessions`
--
ALTER TABLE `ci_sessions`
  ADD PRIMARY KEY (`id`),
  ADD KEY `ci_sessions_timestamp` (`timestamp`);

--
-- Indexes for table `clients`
--
ALTER TABLE `clients`
  ADD PRIMARY KEY (`id`),
  ADD UNIQUE KEY `phone` (`phone`);

--
-- Indexes for table `contact_us`
--
ALTER TABLE `contact_us`
  ADD PRIMARY KEY (`id`);

--
-- Indexes for table `headings`
--
ALTER TABLE `headings`
  ADD PRIMARY KEY (`id`);

--
-- Indexes for table `homecoverimage`
--
ALTER TABLE `homecoverimage`
  ADD PRIMARY KEY (`id`);

--
-- Indexes for table `portfolio`
--
ALTER TABLE `portfolio`
  ADD PRIMARY KEY (`id`);

--
-- Indexes for table `portfolio_category`
--
ALTER TABLE `portfolio_category`
  ADD PRIMARY KEY (`id`);

--
-- Indexes for table `portfolio_image`
--
ALTER TABLE `portfolio_image`
  ADD PRIMARY KEY (`id`);

--
-- Indexes for table `profile_image`
--
ALTER TABLE `profile_image`
  ADD PRIMARY KEY (`id`);

--
-- Indexes for table `recaptcha_settings`
--
ALTER TABLE `recaptcha_settings`
  ADD PRIMARY KEY (`id`);

--
-- Indexes for table `testimonial`
--
ALTER TABLE `testimonial`
  ADD PRIMARY KEY (`id`);

--
-- Indexes for table `users`
--
ALTER TABLE `users`
  ADD PRIMARY KEY (`id`);

--
-- Indexes for table `user_type`
--
ALTER TABLE `user_type`
  ADD PRIMARY KEY (`id`);

--
-- AUTO_INCREMENT for dumped tables
--

--
-- AUTO_INCREMENT for table `about_us`
--
ALTER TABLE `about_us`
  MODIFY `id` int(11) NOT NULL AUTO_INCREMENT, AUTO_INCREMENT=2;

--
-- AUTO_INCREMENT for table `clients`
--
ALTER TABLE `clients`
  MODIFY `id` int(11) NOT NULL AUTO_INCREMENT, AUTO_INCREMENT=4;

--
-- AUTO_INCREMENT for table `contact_us`
--
ALTER TABLE `contact_us`
  MODIFY `id` int(11) NOT NULL AUTO_INCREMENT, AUTO_INCREMENT=2;

--
-- AUTO_INCREMENT for table `headings`
--
ALTER TABLE `headings`
  MODIFY `id` int(11) NOT NULL AUTO_INCREMENT, AUTO_INCREMENT=3;

--
-- AUTO_INCREMENT for table `homecoverimage`
--
ALTER TABLE `homecoverimage`
  MODIFY `id` int(11) NOT NULL AUTO_INCREMENT, AUTO_INCREMENT=4;

--
-- AUTO_INCREMENT for table `portfolio`
--
ALTER TABLE `portfolio`
  MODIFY `id` int(11) NOT NULL AUTO_INCREMENT, AUTO_INCREMENT=10;

--
-- AUTO_INCREMENT for table `portfolio_category`
--
ALTER TABLE `portfolio_category`
  MODIFY `id` int(11) NOT NULL AUTO_INCREMENT, AUTO_INCREMENT=5;

--
-- AUTO_INCREMENT for table `portfolio_image`
--
ALTER TABLE `portfolio_image`
  MODIFY `id` int(11) NOT NULL AUTO_INCREMENT, AUTO_INCREMENT=37;

--
-- AUTO_INCREMENT for table `profile_image`
--
ALTER TABLE `profile_image`
  MODIFY `id` int(11) NOT NULL AUTO_INCREMENT;

--
-- AUTO_INCREMENT for table `recaptcha_settings`
--
ALTER TABLE `recaptcha_settings`
  MODIFY `id` int(11) NOT NULL AUTO_INCREMENT, AUTO_INCREMENT=2;

--
-- AUTO_INCREMENT for table `testimonial`
--
ALTER TABLE `testimonial`
  MODIFY `id` int(11) NOT NULL AUTO_INCREMENT, AUTO_INCREMENT=6;

--
-- AUTO_INCREMENT for table `users`
--
ALTER TABLE `users`
  MODIFY `id` int(11) NOT NULL AUTO_INCREMENT, AUTO_INCREMENT=3;

--
-- AUTO_INCREMENT for table `user_type`
--
ALTER TABLE `user_type`
  MODIFY `id` int(11) NOT NULL AUTO_INCREMENT, AUTO_INCREMENT=3;
COMMIT;

/*!40101 SET CHARACTER_SET_CLIENT=@OLD_CHARACTER_SET_CLIENT */;
/*!40101 SET CHARACTER_SET_RESULTS=@OLD_CHARACTER_SET_RESULTS */;
/*!40101 SET COLLATION_CONNECTION=@OLD_COLLATION_CONNECTION */;
